Workbook
Name Slicer_PRODUCTLINE: #N/A
Name Slicer_YEAR_ID: #N/A

Sheet sales_data_sample (1)
A1: ORDERNUMBER | B1: QUANTITYORDERED | C1: PRICEEACH | D1: ORDERLINENUMBER | E1: SALES | F1: ORDERDATE | G1: STATUS | H1: QTR_ID | I1: MONTH_ID | J1: YEAR_ID | K1: PRODUCTLINE | L1: MSRP | M1: PRODUCTCODE | N1: CUSTOMERNAME | O1: PHONE | P1: ADDRESSLINE1 | Q1: ADDRESSLINE2 | R1: CITY | S1: STATE | T1: POSTALCODE | U1: COUNTRY | V1: TERRITORY | W1: CONTACTLASTNAME | X1: CONTACTFIRSTNAME | Y1: DEALSIZE
A2: 10107 | B2: 30 | C2: 95.7 | D2: 2 | E2: 2871 | F2: 2/24/2003 0:00 | G2: Shipped | H2: 1 | I2: 2 | J2: 2003 | K2: Motorcycles | L2: 95 | M2: S10_1678 | N2: Land of Toys Inc. | O2: 2125557818 | P2: 897 Long Airport Avenue | R2: NYC | S2: NY | T2: 10022 | U2: USA | V2: NA | W2: Yu | X2: Kwai | Y2: Small
A3: 10121 | B3: 34 | C3: 81.35 | D3: 5 | E3: 2765.9 | F3: 37807 | G3: Shipped | H3: 2 | I3: 5 | J3: 2003 | K3: Motorcycles | L3: 95 | M3: S10_1678 | N3: Reims Collectables | O3: 26.47.1555 | P3: 59 rue de l'Abbaye | R3: Reims | T3: 51100 | U3: France | V3: EMEA | W3: Henriot | X3: Paul | Y3: Small
A4: 10134 | B4: 41 | C4: 94.74 | D4: 2 | E4: 3884.34 | F4: 37628 | G4: Shipped | H4: 3 | I4: 7 | J4: 2003 | K4: Motorcycles | L4: 95 | M4: S10_1678 | N4: Lyon Souveniers | O4: +33 1 46 62 7555 | P4: 27 rue du Colonel Pierre Avia | R4: Paris | T4: 75508 | U4: France | V4: EMEA | W4: Da Cunha | X4: Daniel | Y4: Medium
A5: 10145 | B5: 45 | C5: 83.26 | D5: 6 | E5: 3746.7 | F5: 8/25/2003 0:00 | G5: Shipped | H5: 3 | I5: 8 | J5: 2003 | K5: Motorcycles | L5: 95 | M5: S10_1678 | N5: Toys4GrownUps.com | O5: 6265557265 | P5: 78934 Hillside Dr. | R5: Pasadena | S5: CA | T5: 90003 | U5: USA | V5: NA | W5: Young | X5: Julie | Y5: Medium
A6: 10159 | B6: 49 | C6: 100 | D6: 14 | E6: 5205.27 | F6: 37904 | G6: Shipped | H6: 4 | I6: 10 | J6: 2003 | K6: Motorcycles | L6: 95 | M6: S10_1678 | N6: Corporate Gift Ideas Co. | O6: 6505551386 | P6: 7734 Strong St. | R6: San Francisco | S6: CA | U6: USA | V6: NA | W6: Brown | X6: Julie | Y6: Medium
A7: 10168 | B7: 36 | C7: 96.66 | D7: 1 | E7: 3479.76 | F7: 10/28/2003 0:00 | G7: Shipped | H7: 4 | I7: 10 | J7: 2003 | K7: Motorcycles | L7: 95 | M7: S10_1678 | N7: Technics Stores Inc. | O7: 6505556809 | P7: 9408 Furth Circle | R7: Burlingame | S7: CA | T7: 94217 | U7: USA | V7: NA | W7: Hirano | X7: Juri | Y7: Medium
A8: 10180 | B8: 29 | C8: 86.13 | D8: 9 | E8: 2497.77 | F8: 37936 | G8: Shipped | H8: 4 | I8: 11 | J8: 2003 | K8: Motorcycles | L8: 95 | M8: S10_1678 | N8: Daedalus Designs Imports | O8: 20.16.1555 | P8: 184, chausse de Tournai | R8: Lille | T8: 59000 | U8: France | V8: EMEA | W8: Rance | X8: Martine | Y8: Small
A9: 10188 | B9: 48 | C9: 100 | D9: 1 | E9: 5512.32 | F9: 11/18/2003 0:00 | G9: Shipped | H9: 4 | I9: 11 | J9: 2003 | K9: Motorcycles | L9: 95 | M9: S10_1678 | N9: Herkku Gifts | O9: +47 2267 3215 | P9: Drammen 121, PR 744 Sentrum | R9: Bergen | T9: N 5804 | U9: Norway | V9: EMEA | W9: Oeztan | X9: Veysel | Y9: Medium
A10: 10201 | B10: 22 | C10: 98.57 | D10: 2 | E10: 2168.54 | F10: 37633 | G10: Shipped | H10: 4 | I10: 12 | J10: 2003 | K10: Motorcycles | L10: 95 | M10: S10_1678 | N10: Mini Wheels Co. | O10: 6505555787 | P10: 5557 North Pendale Street | R10: San Francisco | S10: CA | U10: USA | V10: NA | W10: Murphy | X10: Julie | Y10: Small
A11: 10211 | B11: 41 | C11: 100 | D11: 14 | E11: 4708.44 | F11: 1/15/2004 0:00 | G11: Shipped | H11: 1 | I11: 1 | J11: 2004 | K11: Motorcycles | L11: 95 | M11: S10_1678 | N11: Auto Canal Petit | O11: (1) 47.55.6555 | P11: 25, rue Lauriston | R11: Paris | T11: 75016 | U11: France | V11: EMEA | W11: Perrier | X11: Dominique | Y11: Medium
A12: 10223 | B12: 37 | C12: 100 | D12: 1 | E12: 3965.66 | F12: 2/20/2004 0:00 | G12: Shipped | H12: 1 | I12: 2 | J12: 2004 | K12: Motorcycles | L12: 95 | M12: S10_1678 | N12: Australian Collectors, Co. | O12: 03 9520 4555 | P12: 636 St Kilda Road | Q12: Level 3 | R12: Melbourne | S12: Victoria | T12: 3004 | U12: Australia | V12: APAC | W12: Ferguson | X12: Peter | Y12: Medium
A13: 10237 | B13: 23 | C13: 100 | D13: 7 | E13: 2333.12 | F13: 38111 | G13: Shipped | H13: 2 | I13: 4 | J13: 2004 | K13: Motorcycles | L13: 95 | M13: S10_1678 | N13: Vitachrome Inc. | O13: 2125551500 | P13: 2678 Kingston Rd. | Q13: Suite 101 | R13: NYC | S13: NY | T13: 10022 | U13: USA | V13: NA | W13: Frick | X13: Michael | Y13: Small
A14: 10251 | B14: 28 | C14: 100 | D14: 2 | E14: 3188.64 | F14: 5/18/2004 0:00 | G14: Shipped | H14: 2 | I14: 5 | J14: 2004 | K14: Motorcycles | L14: 95 | M14: S10_1678 | N14: Tekni Collectables Inc. | O14: 2015559350 | P14: 7476 Moss Rd. | R14: Newark | S14: NJ | T14: 94019 | U14: USA | V14: NA | W14: Brown | X14: William | Y14: Medium
A15: 10263 | B15: 34 | C15: 100 | D15: 2 | E15: 3676.76 | F15: 6/28/2004 0:00 | G15: Shipped | H15: 2 | I15: 6 | J15: 2004 | K15: Motorcycles | L15: 95 | M15: S10_1678 | N15: Gift Depot Inc. | O15: 2035552570 | P15: 25593 South Bay Ln. | R15: Bridgewater | S15: CT | T15: 97562 | U15: USA | V15: NA | W15: King | X15: Julie | Y15: Medium
A16: 10275 | B16: 45 | C16: 92.83 | D16: 1 | E16: 4177.35 | F16: 7/23/2004 0:00 | G16: Shipped | H16: 3 | I16: 7 | J16: 2004 | K16: Motorcycles | L16: 95 | M16: S10_1678 | N16: La Rochelle Gifts | O16: 40.67.8555 | P16: 67, rue des Cinquante Otages | R16: Nantes | T16: 44000 | U16: France | V16: EMEA | W16: Labrune | X16: Janine | Y16: Medium
A17: 10285 | B17: 36 | C17: 100 | D17: 6 | E17: 4099.68 | F17: 8/27/2004 0:00 | G17: Shipped | H17: 3 | I17: 8 | J17: 2004 | K17: Motorcycles | L17: 95 | M17: S10_1678 | N17: Marta's Replicas Co. | O17: 6175558555 | P17: 39323 Spinnaker Dr. | R17: Cambridge | S17: MA | T17: 51247 | U17: USA | V17: NA | W17: Hernandez | X17: Marta | Y17: Medium
A18: 10299 | B18: 23 | C18: 100 | D18: 9 | E18: 2597.39 | F18: 9/30/2004 0:00 | G18: Shipped | H18: 3 | I18: 9 | J18: 2004 | K18: Motorcycles | L18: 95 | M18: S10_1678 | N18: Toys of Finland, Co. | O18: 90-224 8555 | P18: Keskuskatu 45 | R18: Helsinki | T18: 21240 | U18: Finland | V18: EMEA | W18: Karttunen | X18: Matti | Y18: Small
A19: 10309 | B19: 41 | C19: 100 | D19: 5 | E19: 4394.38 | F19: 10/15/2004 0:00 | G19: Shipped | H19: 4 | I19: 10 | J19: 2004 | K19: Motorcycles | L19: 95 | M19: S10_1678 | N19: Baane Mini Imports | O19: 07-98 9555 | P19: Erling Skakkes gate 78 | R19: Stavern | T19: 4110 | U19: Norway | V19: EMEA | W19: Bergulfsen | X19: Jonas | Y19: Medium
A20: 10318 | B20: 46 | C20: 94.74 | D20: 1 | E20: 4358.04 | F20: 38028 | G20: Shipped | H20: 4 | I20: 11 | J20: 2004 | K20: Motorcycles | L20: 95 | M20: S10_1678 | N20: Diecast Classics Inc. | O20: 2155551555 | P20: 7586 Pompton St. | R20: Allentown | S20: PA | T20: 70267 | U20: USA | V20: NA | W20: Yu | X20: Kyung | Y20: Medium
A21: 10329 | B21: 42 | C21: 100 | D21: 1 | E21: 4396.14 | F21: 11/15/2004 0:00 | G21: Shipped | H21: 4 | I21: 11 | J21: 2004 | K21: Motorcycles | L21: 95 | M21: S10_1678 | N21: Land of Toys Inc. | O21: 2125557818 | P21: 897 Long Airport Avenue | R21: NYC | S21: NY | T21: 10022 | U21: USA | V21: NA | W21: Yu | X21: Kwai | Y21: Medium
A22: 10341 | B22: 41 | C22: 100 | D22: 9 | E22: 7737.93 | F22: 11/24/2004 0:00 | G22: Shipped | H22: 4 | I22: 11 | J22: 2004 | K22: Motorcycles | L22: 95 | M22: S10_1678 | N22: Salzburg Collectables | O22: 6562-9555 | P22: Geislweg 14 | R22: Salzburg | T22: 5020 | U22: Austria | V22: EMEA | W22: Pipps | X22: Georg | Y22: Large
A23: 10361 | B23: 20 | C23: 72.55 | D23: 13 | E23: 1451 | F23: 12/17/2004 0:00 | G23: Shipped | H23: 4 | I23: 12 | J23: 2004 | K23: Motorcycles | L23: 95 | M23: S10_1678 | N23: Souveniers And Things Co. | O23: +61 2 9495 8555 | P23: Monitor Money Building, 815 Pacific Hwy | Q23: Level 6 | R23: Chatswood | S23: NSW | T23: 2067 | U23: Australia | V23: APAC | W23: Huxley | X23: Adrian | Y23: Small
A24: 10375 | B24: 21 | C24: 34.91 | D24: 12 | E24: 733.11 | F24: 38413 | G24: Shipped | H24: 1 | I24: 2 | J24: 2005 | K24: Motorcycles | L24: 95 | M24: S10_1678 | N24: La Rochelle Gifts | O24: 40.67.8555 | P24: 67, rue des Cinquante Otages | R24: Nantes | T24: 44000 | U24: France | V24: EMEA | W24: Labrune | X24: Janine | Y24: Small
A25: 10388 | B25: 42 | C25: 76.36 | D25: 4 | E25: 3207.12 | F25: 38414 | G25: Shipped | H25: 1 | I25: 3 | J25: 2005 | K25: Motorcycles | L25: 95 | M25: S10_1678 | N25: FunGiftIdeas.com | O25: 5085552555 | P25: 1785 First Street | R25: New Bedford | S25: MA | T25: 50553 | U25: USA | V25: NA | W25: Benitez | X25: Violeta | Y25: Medium
A26: 10403 | B26: 24 | C26: 100 | D26: 7 | E26: 2434.56 | F26: 38568 | G26: Shipped | H26: 2 | I26: 4 | J26: 2005 | K26: Motorcycles | L26: 95 | M26: S10_1678 | N26: UK Collectables, Ltd. | O26: (171) 555-2282 | P26: Berkeley Gardens 12 Brewery | R26: Liverpool | T26: WX1 6LT | U26: UK | V26: EMEA | W26: Devon | X26: Elizabeth | Y26: Small
A27: 10417 | B27: 66 | C27: 100 | D27: 2 | E27: 7516.08 | F27: 5/13/2005 0:00 | G27: Disputed | H27: 2 | I27: 5 | J27: 2005 | K27: Motorcycles | L27: 95 | M27: S10_1678 | N27: Euro Shopping Channel | O27: (91) 555 94 44 | P27: C/ Moralzarzal, 86 | R27: Madrid | T27: 28034 | U27: Spain | V27: EMEA | W27: Freyre | X27: Diego | Y27: Large
A28: 10103 | B28: 26 | C28: 100 | D28: 11 | E28: 5404.62 | F28: 1/29/2003 0:00 | G28: Shipped | H28: 1 | I28: 1 | J28: 2003 | K28: Classic Cars | L28: 214 | M28: S10_1949 | N28: Baane Mini Imports | O28: 07-98 9555 | P28: Erling Skakkes gate 78 | R28: Stavern | T28: 4110 | U28: Norway | V28: EMEA | W28: Bergulfsen | X28: Jonas | Y28: Medium
A29: 10112 | B29: 29 | C29: 100 | D29: 1 | E29: 7209.11 | F29: 3/24/2003 0:00 | G29: Shipped | H29: 1 | I29: 3 | J29: 2003 | K29: Classic Cars | L29: 214 | M29: S10_1949 | N29: Volvo Model Replicas, Co | O29: 0921-12 3555 | P29: Berguvsv„gen 8 | R29: Lule | T29: S-958 22 | U29: Sweden | V29: EMEA | W29: Berglund | X29: Christina | Y29: Large
A30: 10126 | B30: 38 | C30: 100 | D30: 11 | E30: 7329.06 | F30: 5/28/2003 0:00 | G30: Shipped | H30: 2 | I30: 5 | J30: 2003 | K30: Classic Cars | L30: 214 | M30: S10_1949 | N30: Corrida Auto Replicas, Ltd | O30: (91) 555 22 82 | P30: C/ Araquil, 67 | R30: Madrid | T30: 28023 | U30: Spain | V30: EMEA | W30: Sommer | X30: Mart¡n | Y30: Large
A31: 10140 | B31: 37 | C31: 100 | D31: 11 | E31: 7374.1 | F31: 7/24/2003 0:00 | G31: Shipped | H31: 3 | I31: 7 | J31: 2003 | K31: Classic Cars | L31: 214 | M31: S10_1949 | N31: Technics Stores Inc. | O31: 6505556809 | P31: 9408 Furth Circle | R31: Burlingame | S31: CA | T31: 94217 | U31: USA | V31: NA | W31: Hirano | X31: Juri | Y31: Large
A32: 10150 | B32: 45 | C32: 100 | D32: 8 | E32: 10993.5 | F32: 9/19/2003 0:00 | G32: Shipped | H32: 3 | I32: 9 | J32: 2003 | K32: Classic Cars | L32: 214 | M32: S10_1949 | N32: Dragon Souveniers, Ltd. | O32: +65 221 7555 | P32: Bronz Sok., Bronz Apt. 3/6 Tesvikiye | R32: Singapore | T32: 79903 | U32: Singapore | V32: Japan | W32: Natividad | X32: Eric | Y32: Large
A33: 10163 | B33: 21 | C33: 100 | D33: 1 | E33: 4860.24 | F33: 10/20/2003 0:00 | G33: Shipped | H33: 4 | I33: 10 | J33: 2003 | K33: Classic Cars | L33: 214 | M33: S10_1949 | N33: Classic Legends Inc. | O33: 2125558493 | P33: 5905 Pompton St. | Q33: Suite 750 | R33: NYC | S33: NY | T33: 10022 | U33: USA | V33: NA | W33: Hernandez | X33: Maria | Y33: Medium
A34: 10174 | B34: 34 | C34: 100 | D34: 4 | E34: 8014.82 | F34: 37783 | G34: Shipped | H34: 4 | I34: 11 | J34: 2003 | K34: Classic Cars | L34: 214 | M34: S10_1949 | N34: Australian Gift Network, Co | O34: 61-7-3844-6555 | P34: 31 Duncan St. West End | R34: South Brisbane | S34: Queensland | T34: 4101 | U34: Australia | V34: APAC | W34: Calaghan | X34: Tony | Y34: Large
A35: 10183 | B35: 23 | C35: 100 | D35: 8 | E35: 5372.57 | F35: 11/13/2003 0:00 | G35: Shipped | H35: 4 | I35: 11 | J35: 2003 | K35: Classic Cars | L35: 214 | M35: S10_1949 | N35: Classic Gift Ideas, Inc | O35: 2155554695 | P35: 782 First Street | R35: Philadelphia | S35: PA | T35: 71270 | U35: USA | V35: NA | W35: Cervantes | X35: Francisca | Y35: Medium
A36: 10194 | B36: 42 | C36: 100 | D36: 11 | E36: 7290.36 | F36: 11/25/2003 0:00 | G36: Shipped | H36: 4 | I36: 11 | J36: 2003 | K36: Classic Cars | L36: 214 | M36: S10_1949 | N36: Saveley & Henriot, Co. | O36: 78.32.5555 | P36: 2, rue du Commerce | R36: Lyon | T36: 69004 | U36: France | V36: EMEA | W36: Saveley | X36: Mary | Y36: Large
A37: 10206 | B37: 47 | C37: 100 | D37: 6 | E37: 9064.89 | F37: 37753 | G37: Shipped | H37: 4 | I37: 12 | J37: 2003 | K37: Classic Cars | L37: 214 | M37: S10_1949 | N37: Canadian Gift Exchange Network | O37: (604) 555-3392 | P37: 1900 Oak St. | R37: Vancouver | S37: BC | T37: V3F 2K1 | U37: Canada | V37: NA | W37: Tannamuri | X37: Yoshi | Y37: Large
A38: 10215 | B38: 35 | C38: 100 | D38: 3 | E38: 6075.3 | F38: 1/29/2004 0:00 | G38: Shipped | H38: 1 | I38: 1 | J38: 2004 | K38: Classic Cars | L38: 214 | M38: S10_1949 | N38: West Coast Collectables Co. | O38: 3105553722 | P38: 3675 Furth Circle | R38: Burbank | S38: CA | T38: 94019 | U38: USA | V38: NA | W38: Thompson | X38: Steve | Y38: Medium
A39: 10228 | B39: 29 | C39: 100 | D39: 2 | E39: 6463.23 | F39: 38263 | G39: Shipped | H39: 1 | I39: 3 | J39: 2004 | K39: Classic Cars | L39: 214 | M39: S10_1949 | N39: Cambridge Collectables Co. | O39: 6175555555 | P39: 4658 Baden Av. | R39: Cambridge | S39: MA | T39: 51247 | U39: USA | V39: NA | W39: Tseng | X39: Kyung | Y39: Medium
A40: 10245 | B40: 34 | C40: 100 | D40: 9 | E40: 6120.34 | F40: 38082 | G40: Shipped | H40: 2 | I40: 5 | J40: 2004 | K40: Classic Cars | L40: 214 | M40: S10_1949 | N40: Super Scale Inc. | O40: 2035559545 | P40: 567 North Pendale Street | R40: New Haven | S40: CT | T40: 97823 | U40: USA | V40: NA | W40: Murphy | X40: Leslie | Y40: Medium
A41: 10258 | B41: 32 | C41: 100 | D41: 6 | E41: 7680.64 | F41: 6/15/2004 0:00 | G41: Shipped | H41: 2 | I41: 6 | J41: 2004 | K41: Classic Cars | L41: 214 | M41: S10_1949 | N41: Tokyo Collectables, Ltd | O41: +81 3 3584 0555 | P41: 2-2-8 Roppongi | R41: Minato-ku | S41: Tokyo | T41: 106-0032 | U41: Japan | V41: Japan | W41: Shimamura | X41: Akiko | Y41: Large
A42: 10270 | B42: 21 | C42: 100 | D42: 9 | E42: 4905.39 | F42: 7/19/2004 0:00 | G42: Shipped | H42: 3 | I42: 7 | J42: 2004 | K42: Classic Cars | L42: 214 | M42: S10_1949 | N42: Souveniers And Things Co. | O42: +61 2 9495 8555 | P42: Monitor Money Building, 815 Pacific Hwy | Q42: Level 6 | R42: Chatswood | S42: NSW | T42: 2067 | U42: Australia | V42: APAC | W42: Huxley | X42: Adrian | Y42: Medium
A43: 10280 | B43: 34 | C43: 100 | D43: 2 | E43: 8014.82 | F43: 8/17/2004 0:00 | G43: Shipped | H43: 3 | I43: 8 | J43: 2004 | K43: Classic Cars | L43: 214 | M43: S10_1949 | N43: Amica Models & Co. | O43: 011-4988555 | P43: Via Monte Bianco 34 | R43: Torino | T43: 10100 | U43: Italy | V43: EMEA | W43: Accorti | X43: Paolo | Y43: Large
A44: 10291 | B44: 37 | C44: 100 | D44: 11 | E44: 7136.19 | F44: 38208 | G44: Shipped | H44: 3 | I44: 9 | J44: 2004 | K44: Classic Cars | L44: 214 | M44: S10_1949 | N44: Scandinavian Gift Ideas | O44: 0695-34 6555 | P44: ?kergatan 24 | R44: Boras | T44: S-844 67 | U44: Sweden | V44: EMEA | W44: Larsson | X44: Maria | Y44: Large
A45: 10304 | B45: 47 | C45: 100 | D45: 6 | E45: 10172.7 | F45: 38301 | G45: Shipped | H45: 4 | I45: 10 | J45: 2004 | K45: Classic Cars | L45: 214 | M45: S10_1949 | N45: Auto Assoc. & Cie. | O45: 30.59.8555 | P45: 67, avenue de l'Europe | R45: Versailles | T45: 78000 | U45: France | V45: EMEA | W45: Tonini | X45: Daniel | Y45: Large
A46: 10312 | B46: 48 | C46: 100 | D46: 3 | E46: 11623.7 | F46: 10/21/2004 0:00 | G46: Shipped | H46: 4 | I46: 10 | J46: 2004 | K46: Classic Cars | L46: 214 | M46: S10_1949 | N46: Mini Gifts Distributors Ltd. | O46: 4155551450 | P46: 5677 Strong St. | R46: San Rafael | S46: CA | T46: 97562 | U46: USA | V46: NA | W46: Nelson | X46: Valarie | Y46: Large
A47: 10322 | B47: 40 | C47: 100 | D47: 1 | E47: 6000.4 | F47: 38088 | G47: Shipped | H47: 4 | I47: 11 | J47: 2004 | K47: Classic Cars | L47: 214 | M47: S10_1949 | N47: Online Diecast Creations Co. | O47: 6035558647 | P47: 2304 Long Airport Avenue | R47: Nashua | S47: NH | T47: 62005 | U47: USA | V47: NA | W47: Young | X47: Valarie | Y47: Medium
A48: 10333 | B48: 26 | C48: 100 | D48: 3 | E48: 3003 | F48: 11/18/2004 0:00 | G48: Shipped | H48: 4 | I48: 11 | J48: 2004 | K48: Classic Cars | L48: 214 | M48: S10_1949 | N48: Mini Wheels Co. | O48: 6505555787 | P48: 5557 North Pendale Street | R48: San Francisco | S48: CA | U48: USA | V48: NA | W48: Murphy | X48: Julie | Y48: Medium
A49: 10347 | B49: 30 | C49: 100 | D49: 1 | E49: 3944.7 | F49: 11/29/2004 0:00 | G49: Shipped | H49: 4 | I49: 11 | J49: 2004 | K49: Classic Cars | L49: 214 | M49: S10_1949 | N49: Australian Collectors, Co. | O49: 03 9520 4555 | P49: 636 St Kilda Road | Q49: Level 3 | R49: Melbourne | S49: Victoria | T49: 3004 | U49: Australia | V49: APAC | W49: Ferguson | X49: Peter | Y49: Medium
A50: 10357 | B50: 32 | C50: 100 | D50: 10 | E50: 5691.84 | F50: 38272 | G50: Shipped | H50: 4 | I50: 12 | J50: 2004 | K50: Classic Cars | L50: 214 | M50: S10_1949 | N50: Mini Gifts Distributors Ltd. | O50: 4155551450 | P50: 5677 Strong St. | R50: San Rafael | S50: CA | T50: 97562 | U50: USA | V50: NA | W50: Nelson | X50: Valarie | Y50: Medium
A51: 10369 | B51: 41 | C51: 100 | D51: 2 | E51: 4514.92 | F51: 1/20/2005 0:00 | G51: Shipped | H51: 1 | I51: 1 | J51: 2005 | K51: Classic Cars | L51: 214 | M51: S10_1949 | N51: Collectables For Less Inc. | O51: 6175558555 | P51: 7825 Douglas Av. | R51: Brickhaven | S51: MA | T51: 58339 | U51: USA | V51: NA | W51: Nelson | X51: Allen | Y51: Medium
A52: 10381 | B52: 36 | C52: 100 | D52: 3 | E52: 8254.8 | F52: 2/17/2005 0:00 | G52: Shipped | H52: 1 | I52: 2 | J52: 2005 | K52: Classic Cars | L52: 214 | M52: S10_1949 | N52: Corporate Gift Ideas Co. | O52: 6505551386 | P52: 7734 Strong St. | R52: San Francisco | S52: CA | U52: USA | V52: NA | W52: Brown | X52: Julie | Y52: Large
A53: 10391 | B53: 24 | C53: 100 | D53: 4 | E53: 2416.56 | F53: 38598 | G53: Shipped | H53: 1 | I53: 3 | J53: 2005 | K53: Classic Cars | L53: 214 | M53: S10_1949 | N53: Anna's Decorations, Ltd | O53: 02 9936 8555 | P53: 201 Miller Street | Q53: Level 15 | R53: North Sydney | S53: NSW | T53: 2060 | U53: Australia | V53: APAC | W53: O'Hara | X53: Anna | Y53: Small
A54: 10411 | B54: 23 | C54: 100 | D54: 9 | E54: 4140.23 | F54: 38357 | G54: Shipped | H54: 2 | I54: 5 | J54: 2005 | K54: Classic Cars | L54: 214 | M54: S10_1949 | N54: Quebec Home Shopping Network | O54: (514) 555-8054 | P54: 43 rue St. Laurent | R54: Montreal | S54: Quebec | T54: H1J 1C3 | U54: Canada | V54: NA | W54: Fresnisre | X54: Jean | Y54: Medium
A55: 10424 | B55: 50 | C55: 100 | D55: 6 | E55: 12001 | F55: 5/31/2005 0:00 | G55: In Process | H55: 2 | I55: 5 | J55: 2005 | K55: Classic Cars | L55: 214 | M55: S10_1949 | N55: Euro Shopping Channel | O55: (91) 555 94 44 | P55: C/ Moralzarzal, 86 | R55: Madrid | T55: 28034 | U55: Spain | V55: EMEA | W55: Freyre | X55: Diego | Y55: Large
A56: 10120 | B56: 29 | C56: 96.34 | D56: 3 | E56: 2793.86 | F56: 4/29/2003 0:00 | G56: Shipped | H56: 2 | I56: 4 | J56: 2003 | K56: Motorcycles | L56: 118 | M56: S10_2016 | N56: Australian Collectors, Co. | O56: 03 9520 4555 | P56: 636 St Kilda Road | Q56: Level 3 | R56: Melbourne | S56: Victoria | T56: 3004 | U56: Australia | V56: APAC | W56: Ferguson | X56: Peter | Y56: Small
A57: 10210 | B57: 23 | C57: 100 | D57: 2 | E57: 3009.09 | F57: 38322 | G57: Shipped | H57: 1 | I57: 1 | J57: 2004 | K57: Motorcycles | L57: 118 | M57: S10_2016 | N57: Osaka Souveniers Co. | O57: +81 06 6342 5555 | P57: Dojima Avanza 4F, 1-6-20 Dojima, Kita-ku | R57: Osaka | S57: Osaka | T57: 530-0003 | U57: Japan | V57: Japan | W57: Kentary | X57: Mory | Y57: Medium
A58: 10236 | B58: 22 | C58: 100 | D58: 1 | E58: 2852.08 | F58: 38050 | G58: Shipped | H58: 2 | I58: 4 | J58: 2004 | K58: Motorcycles | L58: 118 | M58: S10_2016 | N58: Motor Mint Distributors Inc. | O58: 2155559857 | P58: 11328 Douglas Av. | R58: Philadelphia | S58: PA | T58: 71270 | U58: USA | V58: NA | W58: Hernandez | X58: Rosa | Y58: Small
A59: 10298 | B59: 39 | C59: 96.34 | D59: 1 | E59: 3757.26 | F59: 9/27/2004 0:00 | G59: Shipped | H59: 3 | I59: 9 | J59: 2004 | K59: Motorcycles | L59: 118 | M59: S10_2016 | N59: Atelier graphique | O59: 40.32.2555 | P59: 54, rue Royale | R59: Nantes | T59: 44000 | U59: France | V59: EMEA | W59: Schmitt | X59: Carine | Y59: Medium
A60: 10308 | B60: 34 | C60: 100 | D60: 2 | E60: 4043.96 | F60: 10/15/2004 0:00 | G60: Shipped | H60: 4 | I60: 10 | J60: 2004 | K60: Motorcycles | L60: 118 | M60: S10_2016 | N60: Mini Classics | O60: 9145554562 | P60: 3758 North Pendale Street | R60: White Plains | S60: NY | T60: 24067 | U60: USA | V60: NA | W60: Frick | X60: Steve | Y60: Medium
A61: 10339 | B61: 40 | C61: 68.92 | D61: 4 | E61: 2756.8 | F61: 11/23/2004 0:00 | G61: Shipped | H61: 4 | I61: 11 | J61: 2004 | K61: Motorcycles | L61: 118 | M61: S10_2016 | N61: Tokyo Collectables, Ltd | O61: +81 3 3584 0555 | P61: 2-2-8 Roppongi | R61: Minato-ku | S61: Tokyo | T61: 106-0032 | U61: Japan | V61: Japan | W61: Shimamura | X61: Akiko | Y61: Small
A62: 10374 | B62: 39 | C62: 100 | D62: 5 | E62: 5288.01 | F62: 38385 | G62: Shipped | H62: 1 | I62: 2 | J62: 2005 | K62: Motorcycles | L62: 118 | M62: S10_2016 | N62: Australian Gift Network, Co | O62: 61-7-3844-6555 | P62: 31 Duncan St. West End | R62: South Brisbane | S62: Queensland | T62: 4101 | U62: Australia | V62: APAC | W62: Calaghan | X62: Tony | Y62: Medium
A63: 10402 | B63: 45 | C63: 100 | D63: 1 | E63: 5833.8 | F63: 38537 | G63: Shipped | H63: 2 | I63: 4 | J63: 2005 | K63: Motorcycles | L63: 118 | M63: S10_2016 | N63: Auto Canal Petit | O63: (1) 47.55.6555 | P63: 25, rue Lauriston | R63: Paris | T63: 75016 | U63: France | V63: EMEA | W63: Perrier | X63: Dominique | Y63: Medium
A64: 10362 | B64: 22 | C64: 100 | D64: 4 | E64: 3664.1 | F64: 38473 | G64: Shipped | H64: 1 | I64: 1 | J64: 2005 | K64: Motorcycles | L64: 193 | M64: S10_4698 | N64: Technics Stores Inc. | O64: 6505556809 | P64: 9408 Furth Circle | R64: Burlingame | S64: CA | T64: 94217 | U64: USA | V64: NA | W64: Hirano | X64: Juri | Y64: Medium
A65: 10105 | B65: 50 | C65: 100 | D65: 2 | E65: 7208 | F65: 37927 | G65: Shipped | H65: 1 | I65: 2 | J65: 2003 | K65: Classic Cars | L65: 136 | M65: S10_4757 | N65: Danish Wholesale Imports | O65: 31 12 3555 | P65: Vinb'ltet 34 | R65: Kobenhavn | T65: 1734 | U65: Denmark | V65: EMEA | W65: Petersen | X65: Jytte | Y65: Large
A66: 10119 | B66: 46 | C66: 100 | D66: 11 | E66: 5004.8 | F66: 4/28/2003 0:00 | G66: Shipped | H66: 2 | I66: 4 | J66: 2003 | K66: Classic Cars | L66: 136 | M66: S10_4757 | N66: Salzburg Collectables | O66: 6562-9555 | P66: Geislweg 14 | R66: Salzburg | T66: 5020 | U66: Austria | V66: EMEA | W66: Pipps | X66: Georg | Y66: Medium
A67: 10129 | B67: 33 | C67: 100 | D67: 2 | E67: 4398.24 | F67: 37961 | G67: Shipped | H67: 2 | I67: 6 | J67: 2003 | K67: Classic Cars | L67: 136 | M67: S10_4757 | N67: Stylish Desk Decors, Co. | O67: (171) 555-0297 | P67: 35 King George | R67: London | T67: WX3 6FW | U67: UK | V67: EMEA | W67: Brown | X67: Ann | Y67: Medium
A68: 10143 | B68: 49 | C68: 100 | D68: 15 | E68: 5597.76 | F68: 37902 | G68: Shipped | H68: 3 | I68: 8 | J68: 2003 | K68: Classic Cars | L68: 136 | M68: S10_4757 | N68: Mini Creations Ltd. | O68: 5085559555 | P68: 4575 Hillside Dr. | R68: New Bedford | S68: MA | T68: 50553 | U68: USA | V68: NA | W68: Tam | X68: Wing C | Y68: Medium
A69: 10155 | B69: 32 | C69: 100 | D69: 13 | E69: 4526.08 | F69: 37782 | G69: Shipped | H69: 4 | I69: 10 | J69: 2003 | K69: Classic Cars | L69: 136 | M69: S10_4757 | N69: Toys of Finland, Co. | O69: 90-224 8555 | P69: Keskuskatu 45 | R69: Helsinki | T69: 21240 | U69: Finland | V69: EMEA | W69: Karttunen | X69: Matti | Y69: Medium
A70: 10167 | B70: 44 | C70: 100 | D70: 9 | E70: 5924.16 | F70: 10/23/2003 0:00 | G70: Cancelled | H70: 4 | I70: 10 | J70: 2003 | K70: Classic Cars | L70: 136 | M70: S10_4757 | N70: Scandinavian Gift Ideas | O70: 0695-34 6555 | P70: ?kergatan 24 | R70: Boras | T70: S-844 67 | U70: Sweden | V70: EMEA | W70: Larsson | X70: Maria | Y70: Medium
A71: 10178 | B71: 24 | C71: 100 | D71: 12 | E71: 3492.48 | F71: 37844 | G71: Shipped | H71: 4 | I71: 11 | J71: 2003 | K71: Classic Cars | L71: 136 | M71: S10_4757 | N71: Alpha Cognac | O71: 61.77.6555 | P71: 1 rue Alsace-Lorraine | R71: Toulouse | T71: 31000 | U71: France | V71: EMEA | W71: Roulet | X71: Annette | Y71: Medium
A72: 10186 | B72: 26 | C72: 100 | D72: 9 | E72: 3854.24 | F72: 11/14/2003 0:00 | G72: Shipped | H72: 4 | I72: 11 | J72: 2003 | K72: Classic Cars | L72: 136 | M72: S10_4757 | N72: Double Decker Gift Stores, Ltd | O72: (171) 555-7555 | P72: 120 Hanover Sq. | R72: London | T72: WA1 1DP | U72: UK | V72: EMEA | W72: Hardy | X72: Thomas | Y72: Medium
A73: 10197 | B73: 45 | C73: 100 | D73: 6 | E73: 5324.4 | F73: 11/26/2003 0:00 | G73: Shipped | H73: 4 | I73: 11 | J73: 2003 | K73: Classic Cars | L73: 136 | M73: S10_4757 | N73: Enaco Distributors | O73: (93) 203 4555 | P73: Rambla de Catalu¤a, 23 | R73: Barcelona | T73: 8022 | U73: Spain | V73: EMEA | W73: Saavedra | X73: Eduardo | Y73: Medium
A74: 10209 | B74: 39 | C74: 100 | D74: 8 | E74: 5197.92 | F74: 38231 | G74: Shipped | H74: 1 | I74: 1 | J74: 2004 | K74: Classic Cars | L74: 136 | M74: S10_4757 | N74: Men 'R' US Retailers, Ltd. | O74: 2155554369 | P74: 6047 Douglas Av. | R74: Los Angeles | S74: CA | U74: USA | V74: NA | W74: Chandler | X74: Michael | Y74: Medium
A75: 10222 | B75: 49 | C75: 100 | D75: 12 | E75: 5997.6 | F75: 2/19/2004 0:00 | G75: Shipped | H75: 1 | I75: 2 | J75: 2004 | K75: Classic Cars | L75: 136 | M75: S10_4757 | N75: Collectable Mini Designs Co. | O75: 7605558146 | P75: 361 Furth Circle | R75: San Diego | S75: CA | T75: 91217 | U75: USA | V75: NA | W75: Thompson | X75: Valarie | Y75: Medium
A76: 10248 | B76: 20 | C76: 100 | D76: 3 | E76: 2910.4 | F76: 38173 | G76: Cancelled | H76: 2 | I76: 5 | J76: 2004 | K76: Classic Cars | L76: 136 | M76: S10_4757 | N76: Land of Toys Inc. | O76: 2125557818 | P76: 897 Long Airport Avenue | R76: NYC | S76: NY | T76: 10022 | U76: USA | V76: NA | W76: Yu | X76: Kwai | Y76: Small
A77: 10261 | B77: 27 | C77: 100 | D77: 1 | E77: 3378.24 | F77: 6/17/2004 0:00 | G77: Shipped | H77: 2 | I77: 6 | J77: 2004 | K77: Classic Cars | L77: 136 | M77: S10_4757 | N77: Quebec Home Shopping Network | O77: (514) 555-8054 | P77: 43 rue St. Laurent | R77: Montreal | S77: Quebec | T77: H1J 1C3 | U77: Canada | V77: NA | W77: Fresnisre | X77: Jean | Y77: Medium
A78: 10273 | B78: 30 | C78: 100 | D78: 4 | E78: 3508.8 | F78: 7/21/2004 0:00 | G78: Shipped | H78: 3 | I78: 7 | J78: 2004 | K78: Classic Cars | L78: 136 | M78: S10_4757 | N78: Petit Auto | O78: (02) 5554 67 | P78: Rue Joseph-Bens 532 | R78: Bruxelles | T78: B-1180 | U78: Belgium | V78: EMEA | W78: Dewey | X78: Catherine | Y78: Medium
A79: 10283 | B79: 25 | C79: 100 | D79: 6 | E79: 2992 | F79: 8/20/2004 0:00 | G79: Shipped | H79: 3 | I79: 8 | J79: 2004 | K79: Classic Cars | L79: 136 | M79: S10_4757 | N79: Royal Canadian Collectables, Ltd. | O79: (604) 555-4555 | P79: 23 Tsawassen Blvd. | R79: Tsawassen | S79: BC | T79: T2F 8M4 | U79: Canada | V79: NA | W79: Lincoln | X79: Elizabeth | Y79: Small
A80: 10295 | B80: 24 | C80: 100 | D80: 1 | E80: 3427.2 | F80: 38269 | G80: Shipped | H80: 3 | I80: 9 | J80: 2004 | K80: Classic Cars | L80: 136 | M80: S10_4757 | N80: Gifts4AllAges.com | O80: 6175559555 | P80: 8616 Spinnaker Dr. | R80: Boston | S80: MA | T80: 51003 | U80: USA | V80: NA | W80: Yoshido | X80: Juri | Y80: Medium
A81: 10307 | B81: 22 | C81: 100 | D81: 9 | E81: 2692.8 | F81: 10/14/2004 0:00 | G81: Shipped | H81: 4 | I81: 10 | J81: 2004 | K81: Classic Cars | L81: 136 | M81: S10_4757 | N81: Classic Gift Ideas, Inc | O81: 2155554695 | P81: 782 First Street | R81: Philadelphia | S81: PA | T81: 71270 | U81: USA | V81: NA | W81: Cervantes | X81: Francisca | Y81: Small
A82: 10316 | B82: 33 | C82: 100 | D82: 17 | E82: 4128.96 | F82: 37997 | G82: Shipped | H82: 4 | I82: 11 | J82: 2004 | K82: Classic Cars | L82: 136 | M82: S10_4757 | N82: giftsbymail.co.uk | O82: (198) 555-8888 | P82: Garden House Crowther Way | R82: Cowes | S82: Isle of Wight | T82: PO31 7PJ | U82: UK | V82: EMEA | W82: Bennett | X82: Helen | Y82: Medium
A83: 10325 | B83: 47 | C83: 64.93 | D83: 6 | E83: 3051.71 | F83: 38118 | G83: Shipped | H83: 4 | I83: 11 | J83: 2004 | K83: Classic Cars | L83: 136 | M83: S10_4757 | N83: Baane Mini Imports | O83: 07-98 9555 | P83: Erling Skakkes gate 78 | R83: Stavern | T83: 4110 | U83: Norway | V83: EMEA | W83: Bergulfsen | X83: Jonas | Y83: Medium
A84: 10337 | B84: 25 | C84: 48.05 | D84: 8 | E84: 1201.25 | F84: 11/21/2004 0:00 | G84: Shipped | H84: 4 | I84: 11 | J84: 2004 | K84: Classic Cars | L84: 136 | M84: S10_4757 | N84: Classic Legends Inc. | O84: 2125558493 | P84: 5905 Pompton St. | Q84: Suite 750 | R84: NYC | S84: NY | T84: 10022 | U84: USA | V84: NA | W84: Hernandez | X84: Maria | Y84: Small
A85: 10350 | B85: 26 | C85: 75.47 | D85: 5 | E85: 1962.22 | F85: 38029 | G85: Shipped | H85: 4 | I85: 12 | J85: 2004 | K85: Classic Cars | L85: 136 | M85: S10_4757 | N85: Euro Shopping Channel | O85: (91) 555 94 44 | P85: C/ Moralzarzal, 86 | R85: Madrid | T85: 28034 | U85: Spain | V85: EMEA | W85: Freyre | X85: Diego | Y85: Small
A86: 10359 | B86: 48 | C86: 54.68 | D86: 6 | E86: 2624.64 | F86: 12/15/2004 0:00 | G86: Shipped | H86: 4 | I86: 12 | J86: 2004 | K86: Classic Cars | L86: 136 | M86: S10_4757 | N86: Reims Collectables | O86: 26.47.1555 | P86: 59 rue de l'Abbaye | R86: Reims | T86: 51100 | U86: France | V86: EMEA | W86: Henriot | X86: Paul | Y86: Small
A87: 10373 | B87: 39 | C87: 100 | D87: 3 | E87: 4046.25 | F87: 1/31/2005 0:00 | G87: Shipped | H87: 1 | I87: 1 | J87: 2005 | K87: Classic Cars | L87: 136 | M87: S10_4757 | N87: Oulu Toy Supplies, Inc. | O87: 981-443655 | P87: Torikatu 38 | R87: Oulu | T87: 90110 | U87: Finland | V87: EMEA | W87: Koskitalo | X87: Pirkko | Y87: Medium
A88: 10384 | B88: 34 | C88: 100 | D88: 4 | E88: 4846.7 | F88: 2/23/2005 0:00 | G88: Shipped | H88: 1 | I88: 2 | J88: 2005 | K88: Classic Cars | L88: 136 | M88: S10_4757 | N88: Corporate Gift Ideas Co. | O88: 6505551386 | P88: 7734 Strong St. | R88: San Francisco | S88: CA | U88: USA | V88: NA | W88: Brown | X88: Julie | Y88: Medium
A89: 10395 | B89: 32 | C89: 100 | D89: 2 | E89: 3370.56 | F89: 3/17/2005 0:00 | G89: Shipped | H89: 1 | I89: 3 | J89: 2005 | K89: Classic Cars | L89: 136 | M89: S10_4757 | N89: Lyon Souveniers | O89: +33 1 46 62 7555 | P89: 27 rue du Colonel Pierre Avia | R89: Paris | T89: 75508 | U89: France | V89: EMEA | W89: Da Cunha | X89: Daniel | Y89: Medium
A90: 10400 | B90: 64 | C90: 100 | D90: 9 | E90: 9661.44 | F90: 38356 | G90: Shipped | H90: 2 | I90: 4 | J90: 2005 | K90: Classic Cars | L90: 136 | M90: S10_4757 | N90: The Sharp Gifts Warehouse | O90: 4085553659 | P90: 3086 Ingle Ln. | R90: San Jose | S90: CA | T90: 94217 | U90: USA | V90: NA | W90: Frick | X90: Sue | Y90: Large
A91: 10414 | B91: 19 | C91: 100 | D91: 3 | E91: 2764.88 | F91: 38508 | G91: On Hold | H91: 2 | I91: 5 | J91: 2005 | K91: Classic Cars | L91: 136 | M91: S10_4757 | N91: Gifts4AllAges.com | O91: 6175559555 | P91: 8616 Spinnaker Dr. | R91: Boston | S91: MA | T91: 51003 | U91: USA | V91: NA | W91: Yoshido | X91: Juri | Y91: Small
A92: 10114 | B92: 31 | C92: 100 | D92: 8 | E92: 4305.28 | F92: 37625 | G92: Shipped | H92: 2 | I92: 4 | J92: 2003 | K92: Classic Cars | L92: 147 | M92: S10_4962 | N92: La Corne D'abondance, Co. | O92: (1) 42.34.2555 | P92: 265, boulevard Charonne | R92: Paris | T92: 75012 | U92: France | V92: EMEA | W92: Bertrand | X92: Marie | Y92: Medium
A93: 10164 | B93: 21 | C93: 100 | D93: 2 | E93: 3536.82 | F93: 10/21/2003 0:00 | G93: Resolved | H93: 4 | I93: 10 | J93: 2003 | K93: Classic Cars | L93: 147 | M93: S10_4962 | N93: Mini Auto Werke | O93: 7675-3555 | P93: Kirchgasse 6 | R93: Graz | T93: 8010 | U93: Austria | V93: EMEA | W93: Mendel | X93: Roland | Y93: Medium
A94: 10175 | B94: 33 | C94: 100 | D94: 9 | E94: 5362.83 | F94: 37783 | G94: Shipped | H94: 4 | I94: 11 | J94: 2003 | K94: Classic Cars | L94: 147 | M94: S10_4962 | N94: Stylish Desk Decors, Co. | O94: (171) 555-0297 | P94: 35 King George | R94: London | T94: WX3 6FW | U94: UK | V94: EMEA | W94: Brown | X94: Ann | Y94: Medium
A95: 10207 | B95: 31 | C95: 100 | D95: 15 | E95: 4076.19 | F95: 37876 | G95: Shipped | H95: 4 | I95: 12 | J95: 2003 | K95: Classic Cars | L95: 147 | M95: S10_4962 | N95: Diecast Collectables | O95: 6175552555 | P95: 6251 Ingle Ln. | R95: Boston | S95: MA | T95: 51003 | U95: USA | V95: NA | W95: Franco | X95: Valarie | Y95: Medium
A96: 10217 | B96: 48 | C96: 100 | D96: 4 | E96: 7020.48 | F96: 38079 | G96: Shipped | H96: 1 | I96: 2 | J96: 2004 | K96: Classic Cars | L96: 147 | M96: S10_4962 | N96: Handji Gifts& Co | O96: +65 224 1555 | P96: Village Close - 106 Linden Road Sandown | Q96: 2nd Floor | R96: Singapore | T96: 69045 | U96: Singapore | V96: APAC | W96: Victorino | X96: Wendy | Y96: Large
A97: 10229 | B97: 50 | C97: 100 | D97: 9 | E97: 6426.5 | F97: 38294 | G97: Shipped | H97: 1 | I97: 3 | J97: 2004 | K97: Classic Cars | L97: 147 | M97: S10_4962 | N97: Mini Gifts Distributors Ltd. | O97: 4155551450 | P97: 5677 Strong St. | R97: San Rafael | S97: CA | T97: 97562 | U97: USA | V97: NA | W97: Nelson | X97: Valarie | Y97: Medium
A98: 10259 | B98: 26 | C98: 100 | D98: 12 | E98: 4033.38 | F98: 6/15/2004 0:00 | G98: Shipped | H98: 2 | I98: 6 | J98: 2004 | K98: Classic Cars | L98: 147 | M98: S10_4962 | N98: Handji Gifts& Co | O98: +65 224 1555 | P98: Village Close - 106 Linden Road Sandown | Q98: 2nd Floor | R98: Singapore | T98: 69045 | U98: Singapore | V98: APAC | W98: Victorino | X98: Wendy | Y98: Medium
A99: 10281 | B99: 44 | C99: 100 | D99: 9 | E99: 7020.64 | F99: 8/19/2004 0:00 | G99: Shipped | H99: 3 | I99: 8 | J99: 2004 | K99: Classic Cars | L99: 147 | M99: S10_4962 | N99: Diecast Classics Inc. | O99: 2155551555 | P99: 7586 Pompton St. | R99: Allentown | S99: PA | T99: 70267 | U99: USA | V99: NA | W99: Yu | X99: Kyung | Y99: Large
A100: 10305 | B100: 38 | C100: 100 | D100: 13 | E100: 6680.78 | F100: 10/13/2004 0:00 | G100: Shipped | H100: 4 | I100: 10 | J100: 2004 | K100: Classic Cars | L100: 147 | M100: S10_4962 | N100: Marta's Replicas Co. | O100: 6175558555 | P100: 39323 Spinnaker Dr. | R100: Cambridge | S100: MA | T100: 51247 | U100: USA | V100: NA | W100: Hernandez | X100: Marta | Y100: Medium
...

Sheet sales_data_sample (2)
A1: ORDERNUMBER | B1: QUANTITYORDERED | C1: PRICEEACH | D1: ORDERLINENUMBER | E1: SALES | F1: ORDERDATE | G1: Month | H1: STATUS | I1: QTR_ID | J1: MONTH_ID | K1: YEAR_ID | L1: PRODUCTLINE | M1: MSRP | N1: PRODUCTCODE | O1: CUSTOMERNAME | P1: PHONE | Q1: ADDRESSLINE1 | R1: ADDRESSLINE2 | S1: CITY | T1: STATE | U1: POSTALCODE | V1: COUNTRY | W1: TERRITORY | X1: CONTACTLASTNAME | Y1: CONTACTFIRSTNAME | Z1: DEALSIZE
A2: 10100 | B2: 30 | C2: 100 | D2: 3 | E2: 5151 | F2: 37627 | G2: =TEXT(F2,"MMM") -> Jan | H2: Shipped | I2: 1 | J2: 1 | K2: 2003 | L2: Vintage Cars | M2: 170 | N2: S18_1749 | O2: Online Diecast Creations Co. | P2: 6035558647 | Q2: 2304 Long Airport Avenue | R2: N/A | S2: Nashua | T2: NH | U2: 62005 | V2: USA | W2: NA | X2: Young | Y2: Valarie | Z2: Medium
A3: 10101 | B3: 25 | C3: 100 | D3: 4 | E3: 3782 | F3: 37630 | G3: =TEXT(F3,"MMM") -> Jan | H3: Shipped | I3: 1 | J3: 1 | K3: 2003 | L3: Vintage Cars | M3: 127 | N3: S18_2325 | O3: Blauer See Auto, Co. | P3: +49 69 66 90 2555 | Q3: Lyonerstr. 34 | R3: N/A | S3: Frankfurt | T3: N/A | U3: 60528 | V3: Germany | W3: EMEA | X3: Keitel | Y3: Roland | Z3: Medium
A4: 10102 | B4: 39 | C4: 100 | D4: 2 | E4: 4808.31 | F4: 37631 | G4: =TEXT(F4,"MMM") -> Jan | H4: Shipped | I4: 1 | J4: 1 | K4: 2003 | L4: Vintage Cars | M4: 102 | N4: S18_1342 | O4: Vitachrome Inc. | P4: 2125551500 | Q4: 2678 Kingston Rd. | R4: Suite 101 | S4: NYC | T4: NY | U4: 10022 | V4: USA | W4: NA | X4: Frick | Y4: Michael | Z4: Medium
A5: 10103 | B5: 26 | C5: 100 | D5: 11 | E5: 5404.62 | F5: 37650 | G5: =TEXT(F5,"MMM") -> Jan | H5: Shipped | I5: 1 | J5: 1 | K5: 2003 | L5: Classic Cars | M5: 214 | N5: S10_1949 | O5: Baane Mini Imports | P5: 07-98 9555 | Q5: Erling Skakkes gate 78 | R5: N/A | S5: Stavern | T5: N/A | U5: 4110 | V5: Norway | W5: EMEA | X5: Bergulfsen | Y5: Jonas | Z5: Medium
A6: 10104 | B6: 34 | C6: 100 | D6: 1 | E6: 5958.5 | F6: 37652 | G6: =TEXT(F6,"MMM") -> Jan | H6: Shipped | I6: 1 | J6: 1 | K6: 2003 | L6: Classic Cars | M6: 151 | N6: S12_3148 | O6: Euro Shopping Channel | P6: (91) 555 94 44 | Q6: C/ Moralzarzal, 86 | R6: N/A | S6: Madrid | T6: N/A | U6: 28034 | V6: Spain | W6: EMEA | X6: Freyre | Y6: Diego | Z6: Medium
A7: 10105 | B7: 50 | C7: 100 | D7: 2 | E7: 7208 | F7: 37663 | G7: =TEXT(F7,"MMM") -> Feb | H7: Shipped | I7: 1 | J7: 2 | K7: 2003 | L7: Classic Cars | M7: 136 | N7: S10_4757 | O7: Danish Wholesale Imports | P7: 31 12 3555 | Q7: Vinb'ltet 34 | R7: N/A | S7: Kobenhavn | T7: N/A | U7: 1734 | V7: Denmark | W7: EMEA | X7: Petersen | Y7: Jytte | Z7: Large
A8: 10106 | B8: 36 | C8: 100 | D8: 12 | E8: 5279.4 | F8: 37669 | G8: =TEXT(F8,"MMM") -> Feb | H8: Shipped | I8: 1 | J8: 2 | K8: 2003 | L8: Planes | M8: 157 | N8: S18_1662 | O8: Rovelli Gifts | P8: 035-640555 | Q8: Via Ludovico il Moro 22 | R8: N/A | S8: Bergamo | T8: N/A | U8: 24100 | V8: Italy | W8: EMEA | X8: Rovelli | Y8: Giovanni | Z8: Medium
A9: 10107 | B9: 30 | C9: 95.7 | D9: 2 | E9: 2871 | F9: 37676 | G9: =TEXT(F9,"MMM") -> Feb | H9: Shipped | I9: 1 | J9: 2 | K9: 2003 | L9: Motorcycles | M9: 95 | N9: S10_1678 | O9: Land of Toys Inc. | P9: 2125557818 | Q9: 897 Long Airport Avenue | R9: N/A | S9: NYC | T9: NY | U9: 10022 | V9: USA | W9: NA | X9: Yu | Y9: Kwai | Z9: Small
A10: 10108 | B10: 33 | C10: 100 | D10: 6 | E10: 5265.15 | F10: 37683 | G10: =TEXT(F10,"MMM") -> Mar | H10: Shipped | I10: 1 | J10: 3 | K10: 2003 | L10: Classic Cars | M10: 194 | N10: S12_1099 | O10: Cruz & Sons Co. | P10: +63 2 555 3587 | Q10: 15 McCallum Street - NatWest Center #13-03 | R10: N/A | S10: Makati City | T10: N/A | U10: 1227 MM | V10: Philippines | W10: Japan | X10: Cruz | Y10: Arnold | Z10: Medium
A11: 10109 | B11: 26 | C11: 100 | D11: 4 | E11: 4379.18 | F11: 37690 | G11: =TEXT(F11,"MMM") -> Mar | H11: Shipped | I11: 1 | J11: 3 | K11: 2003 | L11: Classic Cars | M11: 141 | N11: S18_1129 | O11: Motor Mint Distributors Inc. | P11: 2155559857 | Q11: 11328 Douglas Av. | R11: N/A | S11: Philadelphia | T11: PA | U11: 71270 | V11: USA | W11: NA | X11: Hernandez | Y11: Rosa | Z11: Medium
A12: 10110 | B12: 37 | C12: 100 | D12: 16 | E12: 5433.08 | F12: 37698 | G12: =TEXT(F12,"MMM") -> Mar | H12: Shipped | I12: 1 | J12: 3 | K12: 2003 | L12: Classic Cars | M12: 124 | N12: S18_1589 | O12: AV Stores, Co. | P12: (171) 555-1555 | Q12: Fauntleroy Circus | R12: N/A | S12: Manchester | T12: N/A | U12: EC2 5NT | V12: UK | W12: EMEA | X12: Ashworth | Y12: Victoria | Z12: Medium
A13: 10111 | B13: 33 | C13: 99.66 | D13: 6 | E13: 3288.78 | F13: 37705 | G13: =TEXT(F13,"MMM") -> Mar | H13: Shipped | I13: 1 | J13: 3 | K13: 2003 | L13: Vintage Cars | M13: 102 | N13: S18_1342 | O13: Mini Wheels Co. | P13: 6505555787 | Q13: 5557 North Pendale Street | R13: N/A | S13: San Francisco | T13: CA | U13: N/A | V13: USA | W13: NA | X13: Murphy | Y13: Julie | Z13: Medium
A14: 10112 | B14: 29 | C14: 100 | D14: 1 | E14: 7209.11 | F14: 37704 | G14: =TEXT(F14,"MMM") -> Mar | H14: Shipped | I14: 1 | J14: 3 | K14: 2003 | L14: Classic Cars | M14: 214 | N14: S10_1949 | O14: Volvo Model Replicas, Co | P14: 0921-12 3555 | Q14: Berguvsv„gen 8 | R14: N/A | S14: Lule | T14: N/A | U14: S-958 22 | V14: Sweden | W14: EMEA | X14: Berglund | Y14: Christina | Z14: Large
A15: 10113 | B15: 21 | C15: 100 | D15: 2 | E15: 3415.44 | F15: 37706 | G15: =TEXT(F15,"MMM") -> Mar | H15: Shipped | I15: 1 | J15: 3 | K15: 2003 | L15: Trucks and Buses | M15: 136 | N15: S12_1666 | O15: Mini Gifts Distributors Ltd. | P15: 4155551450 | Q15: 5677 Strong St. | R15: N/A | S15: San Rafael | T15: CA | U15: 97562 | V15: USA | W15: NA | X15: Nelson | Y15: Valarie | Z15: Medium
A16: 10114 | B16: 31 | C16: 100 | D16: 8 | E16: 4305.28 | F16: 37712 | G16: =TEXT(F16,"MMM") -> Apr | H16: Shipped | I16: 2 | J16: 4 | K16: 2003 | L16: Classic Cars | M16: 147 | N16: S10_4962 | O16: La Corne D'abondance, Co. | P16: (1) 42.34.2555 | Q16: 265, boulevard Charonne | R16: N/A | S16: Paris | T16: N/A | U16: 75012 | V16: France | W16: EMEA | X16: Bertrand | Y16: Marie | Z16: Medium
A17: 10115 | B17: 46 | C17: 100 | D17: 5 | E17: 5723.78 | F17: 37715 | G17: =TEXT(F17,"MMM") -> Apr | H17: Shipped | I17: 2 | J17: 4 | K17: 2003 | L17: Trucks and Buses | M17: 118 | N17: S12_4473 | O17: Classic Legends Inc. | P17: 2125558493 | Q17: 5905 Pompton St. | R17: Suite 750 | S17: NYC | T17: NY | U17: 10022 | V17: USA | W17: NA | X17: Hernandez | Y17: Maria | Z17: Medium
A18: 10116 | B18: 27 | C18: 63.38 | D18: 1 | E18: 1711.26 | F18: 37722 | G18: =TEXT(F18,"MMM") -> Apr | H18: Shipped | I18: 2 | J18: 4 | K18: 2003 | L18: Trains | M18: 62 | N18: S32_3207 | O18: Royale Belge | P18: (071) 23 67 2555 | Q18: Boulevard Tirou, 255 | R18: N/A | S18: Charleroi | T18: N/A | U18: B-6000 | V18: Belgium | W18: EMEA | X18: Cartrain | Y18: Pascale | Z18: Small
A19: 10117 | B19: 33 | C19: 100 | D19: 9 | E19: 6034.38 | F19: 37727 | G19: =TEXT(F19,"MMM") -> Apr | H19: Shipped | I19: 2 | J19: 4 | K19: 2003 | L19: Classic Cars | M19: 207 | N19: S12_1108 | O19: Dragon Souveniers, Ltd. | P19: +65 221 7555 | Q19: Bronz Sok., Bronz Apt. 3/6 Tesvikiye | R19: N/A | S19: Singapore | T19: N/A | U19: 79903 | V19: Singapore | W19: Japan | X19: Natividad | Y19: Eric | Z19: Medium
A20: 10118 | B20: 36 | C20: 100 | D20: 1 | E20: 4219.2 | F20: 37732 | G20: =TEXT(F20,"MMM") -> Apr | H20: Shipped | I20: 2 | J20: 4 | K20: 2003 | L20: Ships | M20: 100 | N20: S700_3505 | O20: Enaco Distributors | P20: (93) 203 4555 | Q20: Rambla de Catalu¤a, 23 | R20: N/A | S20: Barcelona | T20: N/A | U20: 8022 | V20: Spain | W20: EMEA | X20: Saavedra | Y20: Eduardo | Z20: Medium
A21: 10119 | B21: 46 | C21: 100 | D21: 11 | E21: 5004.8 | F21: 37739 | G21: =TEXT(F21,"MMM") -> Apr | H21: Shipped | I21: 2 | J21: 4 | K21: 2003 | L21: Classic Cars | M21: 136 | N21: S10_4757 | O21: Salzburg Collectables | P21: 6562-9555 | Q21: Geislweg 14 | R21: N/A | S21: Salzburg | T21: N/A | U21: 5020 | V21: Austria | W21: EMEA | X21: Pipps | Y21: Georg | Z21: Medium
A22: 10120 | B22: 29 | C22: 96.34 | D22: 3 | E22: 2793.86 | F22: 37740 | G22: =TEXT(F22,"MMM") -> Apr | H22: Shipped | I22: 2 | J22: 4 | K22: 2003 | L22: Motorcycles | M22: 118 | N22: S10_2016 | O22: Australian Collectors, Co. | P22: 03 9520 4555 | Q22: 636 St Kilda Road | R22: Level 3 | S22: Melbourne | T22: Victoria | U22: 3004 | V22: Australia | W22: APAC | X22: Ferguson | Y22: Peter | Z22: Small
A23: 10121 | B23: 34 | C23: 81.35 | D23: 5 | E23: 2765.9 | F23: 37748 | G23: =TEXT(F23,"MMM") -> May | H23: Shipped | I23: 2 | J23: 5 | K23: 2003 | L23: Motorcycles | M23: 95 | N23: S10_1678 | O23: Reims Collectables | P23: 26.47.1555 | Q23: 59 rue de l'Abbaye | R23: N/A | S23: Reims | T23: N/A | U23: 51100 | V23: France | W23: EMEA | X23: Henriot | Y23: Paul | Z23: Small
A24: 10122 | B24: 42 | C24: 100 | D24: 10 | E24: 7599.9 | F24: 37749 | G24: =TEXT(F24,"MMM") -> May | H24: Shipped | I24: 2 | J24: 5 | K24: 2003 | L24: Classic Cars | M24: 194 | N24: S12_1099 | O24: Marseille Mini Autos | P24: 91.24.4555 | Q24: 12, rue des Bouchers | R24: N/A | S24: Marseille | T24: N/A | U24: 13008 | V24: France | W24: EMEA | X24: Lebihan | Y24: Laurence | Z24: Large
A25: 10123 | B25: 26 | C25: 100 | D25: 2 | E25: 3073.72 | F25: 37761 | G25: =TEXT(F25,"MMM") -> May | H25: Shipped | I25: 2 | J25: 5 | K25: 2003 | L25: Classic Cars | M25: 124 | N25: S18_1589 | O25: Atelier graphique | P25: 40.32.2555 | Q25: 54, rue Royale | R25: N/A | S25: Nantes | T25: N/A | U25: 44000 | V25: France | W25: EMEA | X25: Schmitt | Y25: Carine | Z25: Medium
A26: 10124 | B26: 21 | C26: 100 | D26: 6 | E26: 2856 | F26: 37762 | G26: =TEXT(F26,"MMM") -> May | H26: Shipped | I26: 2 | J26: 5 | K26: 2003 | L26: Vintage Cars | M26: 170 | N26: S18_1749 | O26: Signal Gift Stores | P26: 7025551838 | Q26: 8489 Strong St. | R26: N/A | S26: Las Vegas | T26: NV | U26: 83030 | V26: USA | W26: NA | X26: King | Y26: Sue | Z26: Small
A27: 10125 | B27: 32 | C27: 100 | D27: 1 | E27: 3254.72 | F27: 37762 | G27: =TEXT(F27,"MMM") -> May | H27: Shipped | I27: 2 | J27: 5 | K27: 2003 | L27: Vintage Cars | M27: 102 | N27: S18_1342 | O27: Australian Collectors, Co. | P27: 03 9520 4555 | Q27: 636 St Kilda Road | R27: Level 3 | S27: Melbourne | T27: Victoria | U27: 3004 | V27: Australia | W27: APAC | X27: Ferguson | Y27: Peter | Z27: Medium
A28: 10126 | B28: 38 | C28: 100 | D28: 11 | E28: 7329.06 | F28: 37769 | G28: =TEXT(F28,"MMM") -> May | H28: Shipped | I28: 2 | J28: 5 | K28: 2003 | L28: Classic Cars | M28: 214 | N28: S10_1949 | O28: Corrida Auto Replicas, Ltd | P28: (91) 555 22 82 | Q28: C/ Araquil, 67 | R28: N/A | S28: Madrid | T28: N/A | U28: 28023 | V28: Spain | W28: EMEA | X28: Sommer | Y28: Mart¡n | Z28: Large
A29: 10127 | B29: 46 | C29: 100 | D29: 2 | E29: 11279.2 | F29: 37775 | G29: =TEXT(F29,"MMM") -> Jun | H29: Shipped | I29: 2 | J29: 6 | K29: 2003 | L29: Classic Cars | M29: 207 | N29: S12_1108 | O29: Muscle Machine Inc | P29: 2125557413 | Q29: 4092 Furth Circle | R29: Suite 400 | S29: NYC | T29: NY | U29: 10022 | V29: USA | W29: NA | X29: Young | Y29: Jeff | Z29: Large
A30: 10128 | B30: 41 | C30: 100 | D30: 2 | E30: 5544.02 | F30: 37778 | G30: =TEXT(F30,"MMM") -> Jun | H30: Shipped | I30: 2 | J30: 6 | K30: 2003 | L30: Vintage Cars | M30: 136 | N30: S18_3140 | O30: Euro Shopping Channel | P30: (91) 555 94 44 | Q30: C/ Moralzarzal, 86 | R30: N/A | S30: Madrid | T30: N/A | U30: 28034 | V30: Spain | W30: EMEA | X30: Freyre | Y30: Diego | Z30: Medium
A31: 10129 | B31: 33 | C31: 100 | D31: 2 | E31: 4398.24 | F31: 37784 | G31: =TEXT(F31,"MMM") -> Jun | H31: Shipped | I31: 2 | J31: 6 | K31: 2003 | L31: Classic Cars | M31: 136 | N31: S10_4757 | O31: Stylish Desk Decors, Co. | P31: (171) 555-0297 | Q31: 35 King George | R31: N/A | S31: London | T31: N/A | U31: WX3 6FW | V31: UK | W31: EMEA | X31: Brown | Y31: Ann | Z31: Medium
A32: 10130 | B32: 40 | C32: 96.34 | D32: 2 | E32: 3853.6 | F32: 37788 | G32: =TEXT(F32,"MMM") -> Jun | H32: Shipped | I32: 2 | J32: 6 | K32: 2003 | L32: Ships | M32: 86 | N32: S18_3029 | O32: Auto-Moto Classics Inc. | P32: 6175558428 | Q32: 16780 Pompton St. | R32: N/A | S32: Brickhaven | T32: MA | U32: 58339 | V32: USA | W32: NA | X32: Taylor | Y32: Leslie | Z32: Medium
A33: 10131 | B33: 21 | C33: 100 | D33: 4 | E33: 2781.66 | F33: 37788 | G33: =TEXT(F33,"MMM") -> Jun | H33: Shipped | I33: 2 | J33: 6 | K33: 2003 | L33: Planes | M33: 157 | N33: S18_1662 | O33: Gift Ideas Corp. | P33: 2035554407 | Q33: 2440 Pompton St. | R33: N/A | S33: Glendale | T33: CT | U33: 97561 | V33: USA | W33: NA | X33: Lewis | Y33: Dan | Z33: Small
A34: 10133 | B34: 49 | C34: 69.27 | D34: 3 | E34: 3394.23 | F34: 37799 | G34: =TEXT(F34,"MMM") -> Jun | H34: Shipped | I34: 2 | J34: 6 | K34: 2003 | L34: Planes | M34: 84 | N34: S18_2581 | O34: Euro Shopping Channel | P34: (91) 555 94 44 | Q34: C/ Moralzarzal, 86 | R34: N/A | S34: Madrid | T34: N/A | U34: 28034 | V34: Spain | W34: EMEA | X34: Freyre | Y34: Diego | Z34: Medium
A35: 10134 | B35: 41 | C35: 94.74 | D35: 2 | E35: 3884.34 | F35: 37803 | G35: =TEXT(F35,"MMM") -> Jul | H35: Shipped | I35: 3 | J35: 7 | K35: 2003 | L35: Motorcycles | M35: 95 | N35: S10_1678 | O35: Lyon Souveniers | P35: +33 1 46 62 7555 | Q35: 27 rue du Colonel Pierre Avia | R35: N/A | S35: Paris | T35: N/A | U35: 75508 | V35: France | W35: EMEA | X35: Da Cunha | Y35: Daniel | Z35: Medium
A36: 10135 | B36: 42 | C36: 100 | D36: 7 | E36: 8008.56 | F36: 37804 | G36: =TEXT(F36,"MMM") -> Jul | H36: Shipped | I36: 3 | J36: 7 | K36: 2003 | L36: Classic Cars | M36: 194 | N36: S12_1099 | O36: Mini Gifts Distributors Ltd. | P36: 4155551450 | Q36: 5677 Strong St. | R36: N/A | S36: San Rafael | T36: CA | U36: 97562 | V36: USA | W36: NA | X36: Nelson | Y36: Valarie | Z36: Large
A37: 10136 | B37: 25 | C37: 100 | D37: 2 | E37: 3644.75 | F37: 37806 | G37: =TEXT(F37,"MMM") -> Jul | H37: Shipped | I37: 3 | J37: 7 | K37: 2003 | L37: Classic Cars | M37: 141 | N37: S18_1129 | O37: Alpha Cognac | P37: 61.77.6555 | Q37: 1 rue Alsace-Lorraine | R37: N/A | S37: Toulouse | T37: N/A | U37: 31000 | V37: France | W37: EMEA | X37: Roulet | Y37: Annette | Z37: Medium
A38: 10137 | B38: 44 | C38: 99.55 | D38: 2 | E38: 4380.2 | F38: 37812 | G38: =TEXT(F38,"MMM") -> Jul | H38: Shipped | I38: 3 | J38: 7 | K38: 2003 | L38: Classic Cars | M38: 124 | N38: S18_1589 | O38: Reims Collectables | P38: 26.47.1555 | Q38: 59 rue de l'Abbaye | R38: N/A | S38: Reims | T38: N/A | U38: 51100 | V38: France | W38: EMEA | X38: Henriot | Y38: Paul | Z38: Medium
A39: 10139 | B39: 31 | C39: 100 | D39: 7 | E39: 3184.94 | F39: 37818 | G39: =TEXT(F39,"MMM") -> Jul | H39: Shipped | I39: 3 | J39: 7 | K39: 2003 | L39: Vintage Cars | M39: 102 | N39: S18_1342 | O39: Souveniers And Things Co. | P39: +61 2 9495 8555 | Q39: Monitor Money Building, 815 Pacific Hwy | R39: Level 6 | S39: Chatswood | T39: NSW | U39: 2067 | V39: Australia | W39: APAC | X39: Huxley | Y39: Adrian | Z39: Medium
A40: 10140 | B40: 37 | C40: 100 | D40: 11 | E40: 7374.1 | F40: 37826 | G40: =TEXT(F40,"MMM") -> Jul | H40: Shipped | I40: 3 | J40: 7 | K40: 2003 | L40: Classic Cars | M40: 214 | N40: S10_1949 | O40: Technics Stores Inc. | P40: 6505556809 | Q40: 9408 Furth Circle | R40: N/A | S40: Burlingame | T40: CA | U40: 94217 | V40: USA | W40: NA | X40: Hirano | Y40: Juri | Z40: Large
A41: 10141 | B41: 21 | C41: 100 | D41: 5 | E41: 2140.11 | F41: 37834 | G41: =TEXT(F41,"MMM") -> Aug | H41: Shipped | I41: 3 | J41: 8 | K41: 2003 | L41: Trucks and Buses | M41: 118 | N41: S12_4473 | O41: Suominen Souveniers | P41: +358 9 8045 555 | Q41: Software Engineering Center, SEC Oy | R41: N/A | S41: Espoo | T41: N/A | U41: FIN-02271 | V41: Finland | W41: EMEA | X41: Suominen | Y41: Kalle | Z41: Small
A42: 10142 | B42: 33 | C42: 100 | D42: 12 | E42: 8023.29 | F42: 37841 | G42: =TEXT(F42,"MMM") -> Aug | H42: Shipped | I42: 3 | J42: 8 | K42: 2003 | L42: Classic Cars | M42: 207 | N42: S12_1108 | O42: Mini Gifts Distributors Ltd. | P42: 4155551450 | Q42: 5677 Strong St. | R42: N/A | S42: San Rafael | T42: CA | U42: 97562 | V42: USA | W42: NA | X42: Nelson | Y42: Valarie | Z42: Large
A43: 10143 | B43: 49 | C43: 100 | D43: 15 | E43: 5597.76 | F43: 37843 | G43: =TEXT(F43,"MMM") -> Aug | H43: Shipped | I43: 3 | J43: 8 | K43: 2003 | L43: Classic Cars | M43: 136 | N43: S10_4757 | O43: Mini Creations Ltd. | P43: 5085559555 | Q43: 4575 Hillside Dr. | R43: N/A | S43: New Bedford | T43: MA | U43: 50553 | V43: USA | W43: NA | X43: Tam | Y43: Wing C | Z43: Medium
A44: 10144 | B44: 20 | C44: 81.86 | D44: 1 | E44: 1637.2 | F44: 37846 | G44: =TEXT(F44,"MMM") -> Aug | H44: Shipped | I44: 3 | J44: 8 | K44: 2003 | L44: Vintage Cars | M44: 68 | N44: S32_4289 | O44: Royale Belge | P44: (071) 23 67 2555 | Q44: Boulevard Tirou, 255 | R44: N/A | S44: Charleroi | T44: N/A | U44: B-6000 | V44: Belgium | W44: EMEA | X44: Cartrain | Y44: Pascale | Z44: Small
A45: 10145 | B45: 45 | C45: 83.26 | D45: 6 | E45: 3746.7 | F45: 37858 | G45: =TEXT(F45,"MMM") -> Aug | H45: Shipped | I45: 3 | J45: 8 | K45: 2003 | L45: Motorcycles | M45: 95 | N45: S10_1678 | O45: Toys4GrownUps.com | P45: 6265557265 | Q45: 78934 Hillside Dr. | R45: N/A | S45: Pasadena | T45: CA | U45: 90003 | V45: USA | W45: NA | X45: Young | Y45: Julie | Z45: Medium
A46: 10146 | B46: 47 | C46: 67.14 | D46: 2 | E46: 3155.58 | F46: 37867 | G46: =TEXT(F46,"MMM") -> Sep | H46: Shipped | I46: 3 | J46: 9 | K46: 2003 | L46: Motorcycles | M46: 62 | N46: S18_3782 | O46: Gift Ideas Corp. | P46: 2035554407 | Q46: 2440 Pompton St. | R46: N/A | S46: Glendale | T46: CT | U46: 97561 | V46: USA | W46: NA | X46: Lewis | Y46: Dan | Z46: Medium
A47: 10147 | B47: 48 | C47: 100 | D47: 7 | E47: 9245.76 | F47: 37869 | G47: =TEXT(F47,"MMM") -> Sep | H47: Shipped | I47: 3 | J47: 9 | K47: 2003 | L47: Classic Cars | M47: 194 | N47: S12_1099 | O47: Collectables For Less Inc. | P47: 6175558555 | Q47: 7825 Douglas Av. | R47: N/A | S47: Brickhaven | T47: MA | U47: 58339 | V47: USA | W47: NA | X47: Nelson | Y47: Allen | Z47: Large
A48: 10148 | B48: 23 | C48: 100 | D48: 13 | E48: 2702.04 | F48: 37875 | G48: =TEXT(F48,"MMM") -> Sep | H48: Shipped | I48: 3 | J48: 9 | K48: 2003 | L48: Classic Cars | M48: 141 | N48: S18_1129 | O48: Anna's Decorations, Ltd | P48: 02 9936 8555 | Q48: 201 Miller Street | R48: Level 15 | S48: North Sydney | T48: NSW | U48: 2060 | V48: Australia | W48: APAC | X48: O'Hara | Y48: Anna | Z48: Small
A49: 10149 | B49: 50 | C49: 100 | D49: 4 | E49: 5907.5 | F49: 37876 | G49: =TEXT(F49,"MMM") -> Sep | H49: Shipped | I49: 3 | J49: 9 | K49: 2003 | L49: Vintage Cars | M49: 102 | N49: S18_1342 | O49: Signal Collectibles Ltd. | P49: 4155554312 | Q49: 2793 Furth Circle | R49: N/A | S49: Brisbane | T49: CA | U49: 94217 | V49: USA | W49: NA | X49: Taylor | Y49: Sue | Z49: Medium
A50: 10150 | B50: 45 | C50: 100 | D50: 8 | E50: 10993.5 | F50: 37883 | G50: =TEXT(F50,"MMM") -> Sep | H50: Shipped | I50: 3 | J50: 9 | K50: 2003 | L50: Classic Cars | M50: 214 | N50: S10_1949 | O50: Dragon Souveniers, Ltd. | P50: +65 221 7555 | Q50: Bronz Sok., Bronz Apt. 3/6 Tesvikiye | R50: N/A | S50: Singapore | T50: N/A | U50: 79903 | V50: Singapore | W50: Japan | X50: Natividad | Y50: Eric | Z50: Large
A51: 10151 | B51: 24 | C51: 100 | D51: 3 | E51: 3327.6 | F51: 37885 | G51: =TEXT(F51,"MMM") -> Sep | H51: Shipped | I51: 3 | J51: 9 | K51: 2003 | L51: Trucks and Buses | M51: 118 | N51: S12_4473 | O51: Oulu Toy Supplies, Inc. | P51: 981-443655 | Q51: Torikatu 38 | R51: N/A | S51: Oulu | T51: N/A | U51: 90110 | V51: Finland | W51: EMEA | X51: Koskitalo | Y51: Pirkko | Z51: Medium
A52: 10152 | B52: 35 | C52: 100 | D52: 1 | E52: 4524.1 | F52: 37889 | G52: =TEXT(F52,"MMM") -> Sep | H52: Shipped | I52: 3 | J52: 9 | K52: 2003 | L52: Classic Cars | M52: 143 | N52: S18_4027 | O52: Australian Gift Network, Co | P52: 61-7-3844-6555 | Q52: 31 Duncan St. West End | R52: N/A | S52: South Brisbane | T52: Queensland | U52: 4101 | V52: Australia | W52: APAC | X52: Calaghan | Y52: Tony | Z52: Medium
A53: 10153 | B53: 20 | C53: 100 | D53: 11 | E53: 4904 | F53: 37892 | G53: =TEXT(F53,"MMM") -> Sep | H53: Shipped | I53: 3 | J53: 9 | K53: 2003 | L53: Classic Cars | M53: 207 | N53: S12_1108 | O53: Euro Shopping Channel | P53: (91) 555 94 44 | Q53: C/ Moralzarzal, 86 | R53: N/A | S53: Madrid | T53: N/A | U53: 28034 | V53: Spain | W53: EMEA | X53: Freyre | Y53: Diego | Z53: Medium
A54: 10154 | B54: 31 | C54: 91.17 | D54: 2 | E54: 2826.27 | F54: 37896 | G54: =TEXT(F54,"MMM") -> Oct | H54: Shipped | I54: 4 | J54: 10 | K54: 2003 | L54: Vintage Cars | M54: 88 | N54: S24_3151 | O54: Boards & Toys Co. | P54: 3105552373 | Q54: 4097 Douglas Av. | R54: N/A | S54: Glendale | T54: CA | U54: 92561 | V54: USA | W54: NA | X54: Young | Y54: Leslie | Z54: Small
A55: 10155 | B55: 32 | C55: 100 | D55: 13 | E55: 4526.08 | F55: 37900 | G55: =TEXT(F55,"MMM") -> Oct | H55: Shipped | I55: 4 | J55: 10 | K55: 2003 | L55: Classic Cars | M55: 136 | N55: S10_4757 | O55: Toys of Finland, Co. | P55: 90-224 8555 | Q55: Keskuskatu 45 | R55: N/A | S55: Helsinki | T55: N/A | U55: 21240 | V55: Finland | W55: EMEA | X55: Karttunen | Y55: Matti | Z55: Medium
A56: 10156 | B56: 20 | C56: 41.02 | D56: 1 | E56: 820.4 | F56: 37902 | G56: =TEXT(F56,"MMM") -> Oct | H56: Shipped | I56: 4 | J56: 10 | K56: 2003 | L56: Vintage Cars | M56: 43 | N56: S50_1341 | O56: Euro Shopping Channel | P56: (91) 555 94 44 | Q56: C/ Moralzarzal, 86 | R56: N/A | S56: Madrid | T56: N/A | U56: 28034 | V56: Spain | W56: EMEA | X56: Freyre | Y56: Diego | Z56: Small
A57: 10158 | B57: 22 | C57: 67.03 | D57: 1 | E57: 1474.66 | F57: 37904 | G57: =TEXT(F57,"MMM") -> Oct | H57: Shipped | I57: 4 | J57: 10 | K57: 2003 | L57: Motorcycles | M57: 76 | N57: S24_2000 | O57: Baane Mini Imports | P57: 07-98 9555 | Q57: Erling Skakkes gate 78 | R57: N/A | S57: Stavern | T57: N/A | U57: 4110 | V57: Norway | W57: EMEA | X57: Bergulfsen | Y57: Jonas | Z57: Small
A58: 10159 | B58: 49 | C58: 100 | D58: 14 | E58: 5205.27 | F58: 37904 | G58: =TEXT(F58,"MMM") -> Oct | H58: Shipped | I58: 4 | J58: 10 | K58: 2003 | L58: Motorcycles | M58: 95 | N58: S10_1678 | O58: Corporate Gift Ideas Co. | P58: 6505551386 | Q58: 7734 Strong St. | R58: N/A | S58: San Francisco | T58: CA | U58: N/A | V58: USA | W58: NA | X58: Brown | Y58: Julie | Z58: Medium
A59: 10160 | B59: 46 | C59: 100 | D59: 6 | E59: 5294.14 | F59: 37905 | G59: =TEXT(F59,"MMM") -> Oct | H59: Shipped | I59: 4 | J59: 10 | K59: 2003 | L59: Classic Cars | M59: 117 | N59: S12_3380 | O59: Men 'R' US Retailers, Ltd. | P59: 2155554369 | Q59: 6047 Douglas Av. | R59: N/A | S59: Los Angeles | T59: CA | U59: N/A | V59: USA | W59: NA | X59: Chandler | Y59: Michael | Z59: Medium
A60: 10161 | B60: 28 | C60: 100 | D60: 12 | E60: 3764.88 | F60: 37911 | G60: =TEXT(F60,"MMM") -> Oct | H60: Shipped | I60: 4 | J60: 10 | K60: 2003 | L60: Classic Cars | M60: 141 | N60: S18_1129 | O60: Heintze Collectables | P60: 86 21 3555 | Q60: Smagsloget 45 | R60: N/A | S60: Aaarhus | T60: N/A | U60: 8200 | V60: Denmark | W60: EMEA | X60: Ibsen | Y60: Palle | Z60: Medium
A61: 10162 | B61: 48 | C61: 91.44 | D61: 2 | E61: 4389.12 | F61: 37912 | G61: =TEXT(F61,"MMM") -> Oct | H61: Shipped | I61: 4 | J61: 10 | K61: 2003 | L61: Vintage Cars | M61: 102 | N61: S18_1342 | O61: Corporate Gift Ideas Co. | P61: 6505551386 | Q61: 7734 Strong St. | R61: N/A | S61: San Francisco | T61: CA | U61: N/A | V61: USA | W61: NA | X61: Brown | Y61: Julie | Z61: Medium
A62: 10163 | B62: 21 | C62: 100 | D62: 1 | E62: 4860.24 | F62: 37914 | G62: =TEXT(F62,"MMM") -> Oct | H62: Shipped | I62: 4 | J62: 10 | K62: 2003 | L62: Classic Cars | M62: 214 | N62: S10_1949 | O62: Classic Legends Inc. | P62: 2125558493 | Q62: 5905 Pompton St. | R62: Suite 750 | S62: NYC | T62: NY | U62: 10022 | V62: USA | W62: NA | X62: Hernandez | Y62: Maria | Z62: Medium
A63: 10164 | B63: 21 | C63: 100 | D63: 2 | E63: 3536.82 | F63: 37915 | G63: =TEXT(F63,"MMM") -> Oct | H63: Resolved | I63: 4 | J63: 10 | K63: 2003 | L63: Classic Cars | M63: 147 | N63: S10_4962 | O63: Mini Auto Werke | P63: 7675-3555 | Q63: Kirchgasse 6 | R63: N/A | S63: Graz | T63: N/A | U63: 8010 | V63: Austria | W63: EMEA | X63: Mendel | Y63: Roland | Z63: Medium
A64: 10165 | B64: 44 | C64: 100 | D64: 3 | E64: 8594.52 | F64: 37916 | G64: =TEXT(F64,"MMM") -> Oct | H64: Shipped | I64: 4 | J64: 10 | K64: 2003 | L64: Classic Cars | M64: 207 | N64: S12_1108 | O64: Dragon Souveniers, Ltd. | P64: +65 221 7555 | Q64: Bronz Sok., Bronz Apt. 3/6 Tesvikiye | R64: N/A | S64: Singapore | T64: N/A | U64: 79903 | V64: Singapore | W64: Japan | X64: Natividad | Y64: Eric | Z64: Large
A65: 10166 | B65: 43 | C65: 100 | D65: 2 | E65: 6930.74 | F65: 37915 | G65: =TEXT(F65,"MMM") -> Oct | H65: Shipped | I65: 4 | J65: 10 | K65: 2003 | L65: Vintage Cars | M65: 136 | N65: S18_3140 | O65: FunGiftIdeas.com | P65: 5085552555 | Q65: 1785 First Street | R65: N/A | S65: New Bedford | T65: MA | U65: 50553 | V65: USA | W65: NA | X65: Benitez | Y65: Violeta | Z65: Medium
A66: 10167 | B66: 44 | C66: 100 | D66: 9 | E66: 5924.16 | F66: 37917 | G66: =TEXT(F66,"MMM") -> Oct | H66: Cancelled | I66: 4 | J66: 10 | K66: 2003 | L66: Classic Cars | M66: 136 | N66: S10_4757 | O66: Scandinavian Gift Ideas | P66: 0695-34 6555 | Q66: ?kergatan 24 | R66: N/A | S66: Boras | T66: N/A | U66: S-844 67 | V66: Sweden | W66: EMEA | X66: Larsson | Y66: Maria | Z66: Medium
A67: 10168 | B67: 36 | C67: 96.66 | D67: 1 | E67: 3479.76 | F67: 37922 | G67: =TEXT(F67,"MMM") -> Oct | H67: Shipped | I67: 4 | J67: 10 | K67: 2003 | L67: Motorcycles | M67: 95 | N67: S10_1678 | O67: Technics Stores Inc. | P67: 6505556809 | Q67: 9408 Furth Circle | R67: N/A | S67: Burlingame | T67: CA | U67: 94217 | V67: USA | W67: NA | X67: Hirano | Y67: Juri | Z67: Medium
A68: 10169 | B68: 30 | C68: 100 | D68: 2 | E68: 5019.9 | F68: 37929 | G68: =TEXT(F68,"MMM") -> Nov | H68: Shipped | I68: 4 | J68: 11 | K68: 2003 | L68: Classic Cars | M68: 194 | N68: S12_1099 | O68: Anna's Decorations, Ltd | P68: 02 9936 8555 | Q68: 201 Miller Street | R68: Level 15 | S68: North Sydney | T68: NSW | U68: 2060 | V68: Australia | W68: APAC | X68: O'Hara | Y68: Anna | Z68: Medium
A69: 10170 | B69: 47 | C69: 100 | D69: 4 | E69: 5464.69 | F69: 37929 | G69: =TEXT(F69,"MMM") -> Nov | H69: Shipped | I69: 4 | J69: 11 | K69: 2003 | L69: Classic Cars | M69: 117 | N69: S12_3380 | O69: Mini Auto Werke | P69: 7675-3555 | Q69: Kirchgasse 6 | R69: N/A | S69: Graz | T69: N/A | U69: 8010 | V69: Austria | W69: EMEA | X69: Mendel | Y69: Roland | Z69: Medium
A70: 10171 | B70: 35 | C70: 100 | D70: 2 | E70: 4508 | F70: 37930 | G70: =TEXT(F70,"MMM") -> Nov | H70: Shipped | I70: 4 | J70: 11 | K70: 2003 | L70: Classic Cars | M70: 141 | N70: S18_1129 | O70: Quebec Home Shopping Network | P70: (514) 555-8054 | Q70: 43 rue St. Laurent | R70: N/A | S70: Montreal | T70: Quebec | U70: H1J 1C3 | V70: Canada | W70: NA | X70: Fresnisre | Y70: Jean | Z70: Medium
A71: 10172 | B71: 42 | C71: 100 | D71: 6 | E71: 4965.24 | F71: 37930 | G71: =TEXT(F71,"MMM") -> Nov | H71: Shipped | I71: 4 | J71: 11 | K71: 2003 | L71: Classic Cars | M71: 124 | N71: S18_1589 | O71: Gift Depot Inc. | P71: 2035552570 | Q71: 25593 South Bay Ln. | R71: N/A | S71: Bridgewater | T71: CT | U71: 97562 | V71: USA | W71: NA | X71: King | Y71: Julie | Z71: Medium
A72: 10173 | B72: 43 | C72: 100 | D72: 6 | E72: 5036.16 | F72: 37930 | G72: =TEXT(F72,"MMM") -> Nov | H72: Shipped | I72: 4 | J72: 11 | K72: 2003 | L72: Vintage Cars | M72: 102 | N72: S18_1342 | O72: Rovelli Gifts | P72: 035-640555 | Q72: Via Ludovico il Moro 22 | R72: N/A | S72: Bergamo | T72: N/A | U72: 24100 | V72: Italy | W72: EMEA | X72: Rovelli | Y72: Giovanni | Z72: Medium
A73: 10174 | B73: 34 | C73: 100 | D73: 4 | E73: 8014.82 | F73: 37931 | G73: =TEXT(F73,"MMM") -> Nov | H73: Shipped | I73: 4 | J73: 11 | K73: 2003 | L73: Classic Cars | M73: 214 | N73: S10_1949 | O73: Australian Gift Network, Co | P73: 61-7-3844-6555 | Q73: 31 Duncan St. West End | R73: N/A | S73: South Brisbane | T73: Queensland | U73: 4101 | V73: Australia | W73: APAC | X73: Calaghan | Y73: Tony | Z73: Large
A74: 10175 | B74: 33 | C74: 100 | D74: 9 | E74: 5362.83 | F74: 37931 | G74: =TEXT(F74,"MMM") -> Nov | H74: Shipped | I74: 4 | J74: 11 | K74: 2003 | L74: Classic Cars | M74: 147 | N74: S10_4962 | O74: Stylish Desk Decors, Co. | P74: (171) 555-0297 | Q74: 35 King George | R74: N/A | S74: London | T74: N/A | U74: WX3 6FW | V74: UK | W74: EMEA | X74: Brown | Y74: Ann | Z74: Medium
A75: 10176 | B75: 33 | C75: 100 | D75: 2 | E75: 7474.5 | F75: 37931 | G75: =TEXT(F75,"MMM") -> Nov | H75: Shipped | I75: 4 | J75: 11 | K75: 2003 | L75: Classic Cars | M75: 207 | N75: S12_1108 | O75: L'ordine Souveniers | P75: 0522-556555 | Q75: Strada Provinciale 124 | R75: N/A | S75: Reggio Emilia | T75: N/A | U75: 42100 | V75: Italy | W75: EMEA | X75: Moroni | Y75: Maurizio | Z75: Large
A76: 10177 | B76: 23 | C76: 100 | D76: 9 | E76: 3675.63 | F76: 37932 | G76: =TEXT(F76,"MMM") -> Nov | H76: Shipped | I76: 4 | J76: 11 | K76: 2003 | L76: Vintage Cars | M76: 136 | N76: S18_3140 | O76: CAF Imports | P76: +34 913 728 555 | Q76: Merchants House, 27-30 Merchant's Quay | R76: N/A | S76: Madrid | T76: N/A | U76: 28023 | V76: Spain | W76: EMEA | X76: Fernandez | Y76: Jesus | Z76: Medium
A77: 10178 | B77: 24 | C77: 100 | D77: 12 | E77: 3492.48 | F77: 37933 | G77: =TEXT(F77,"MMM") -> Nov | H77: Shipped | I77: 4 | J77: 11 | K77: 2003 | L77: Classic Cars | M77: 136 | N77: S10_4757 | O77: Alpha Cognac | P77: 61.77.6555 | Q77: 1 rue Alsace-Lorraine | R77: N/A | S77: Toulouse | T77: N/A | U77: 31000 | V77: France | W77: EMEA | X77: Roulet | Y77: Annette | Z77: Medium
A78: 10180 | B78: 29 | C78: 86.13 | D78: 9 | E78: 2497.77 | F78: 37936 | G78: =TEXT(F78,"MMM") -> Nov | H78: Shipped | I78: 4 | J78: 11 | K78: 2003 | L78: Motorcycles | M78: 95 | N78: S10_1678 | O78: Daedalus Designs Imports | P78: 20.16.1555 | Q78: 184, chausse de Tournai | R78: N/A | S78: Lille | T78: N/A | U78: 59000 | V78: France | W78: EMEA | X78: Rance | Y78: Martine | Z78: Small
A79: 10181 | B79: 27 | C79: 100 | D79: 14 | E79: 5411.07 | F79: 37937 | G79: =TEXT(F79,"MMM") -> Nov | H79: Shipped | I79: 4 | J79: 11 | K79: 2003 | L79: Classic Cars | M79: 194 | N79: S12_1099 | O79: Herkku Gifts | P79: +47 2267 3215 | Q79: Drammen 121, PR 744 Sentrum | R79: N/A | S79: Bergen | T79: N/A | U79: N 5804 | V79: Norway | W79: EMEA | X79: Oeztan | Y79: Veysel | Z79: Medium
A80: 10182 | B80: 25 | C80: 87.33 | D80: 3 | E80: 2183.25 | F80: 37937 | G80: =TEXT(F80,"MMM") -> Nov | H80: Shipped | I80: 4 | J80: 11 | K80: 2003 | L80: Vintage Cars | M80: 102 | N80: S18_1342 | O80: Mini Gifts Distributors Ltd. | P80: 4155551450 | Q80: 5677 Strong St. | R80: N/A | S80: San Rafael | T80: CA | U80: 97562 | V80: USA | W80: NA | X80: Nelson | Y80: Valarie | Z80: Small
A81: 10183 | B81: 23 | C81: 100 | D81: 8 | E81: 5372.57 | F81: 37938 | G81: =TEXT(F81,"MMM") -> Nov | H81: Shipped | I81: 4 | J81: 11 | K81: 2003 | L81: Classic Cars | M81: 214 | N81: S10_1949 | O81: Classic Gift Ideas, Inc | P81: 2155554695 | Q81: 782 First Street | R81: N/A | S81: Philadelphia | T81: PA | U81: 71270 | V81: USA | W81: NA | X81: Cervantes | Y81: Francisca | Z81: Medium
A82: 10184 | B82: 37 | C82: 100 | D82: 6 | E82: 4516.22 | F82: 37939 | G82: =TEXT(F82,"MMM") -> Nov | H82: Shipped | I82: 4 | J82: 11 | K82: 2003 | L82: Trucks and Buses | M82: 118 | N82: S12_4473 | O82: Iberia Gift Imports, Corp. | P82: (95) 555 82 82 | Q82: C/ Romero, 33 | R82: N/A | S82: Sevilla | T82: N/A | U82: 41101 | V82: Spain | W82: EMEA | X82: Roel | Y82: Jose Pedro | Z82: Medium
A83: 10185 | B83: 21 | C83: 100 | D83: 13 | E83: 3883.74 | F83: 37939 | G83: =TEXT(F83,"MMM") -> Nov | H83: Shipped | I83: 4 | J83: 11 | K83: 2003 | L83: Classic Cars | M83: 207 | N83: S12_1108 | O83: Mini Creations Ltd. | P83: 5085559555 | Q83: 4575 Hillside Dr. | R83: N/A | S83: New Bedford | T83: MA | U83: 50553 | V83: USA | W83: NA | X83: Tam | Y83: Wing C | Z83: Medium
A84: 10186 | B84: 26 | C84: 100 | D84: 9 | E84: 3854.24 | F84: 37939 | G84: =TEXT(F84,"MMM") -> Nov | H84: Shipped | I84: 4 | J84: 11 | K84: 2003 | L84: Classic Cars | M84: 136 | N84: S10_4757 | O84: Double Decker Gift Stores, Ltd | P84: (171) 555-7555 | Q84: 120 Hanover Sq. | R84: N/A | S84: London | T84: N/A | U84: WA1 1DP | V84: UK | W84: EMEA | X84: Hardy | Y84: Thomas | Z84: Medium
A85: 10188 | B85: 48 | C85: 100 | D85: 1 | E85: 5512.32 | F85: 37943 | G85: =TEXT(F85,"MMM") -> Nov | H85: Shipped | I85: 4 | J85: 11 | K85: 2003 | L85: Motorcycles | M85: 95 | N85: S10_1678 | O85: Herkku Gifts | P85: +47 2267 3215 | Q85: Drammen 121, PR 744 Sentrum | R85: N/A | S85: Bergen | T85: N/A | U85: N 5804 | V85: Norway | W85: EMEA | X85: Oeztan | Y85: Veysel | Z85: Medium
A86: 10189 | B86: 28 | C86: 100 | D86: 1 | E86: 4512.48 | F86: 37943 | G86: =TEXT(F86,"MMM") -> Nov | H86: Shipped | I86: 4 | J86: 11 | K86: 2003 | L86: Motorcycles | M86: 150 | N86: S12_2823 | O86: Toys4GrownUps.com | P86: 6265557265 | Q86: 78934 Hillside Dr. | R86: N/A | S86: Pasadena | T86: CA | U86: 90003 | V86: USA | W86: NA | X86: Young | Y86: Julie | Z86: Medium
A87: 10190 | B87: 42 | C87: 76.19 | D87: 3 | E87: 3199.98 | F87: 37944 | G87: =TEXT(F87,"MMM") -> Nov | H87: Shipped | I87: 4 | J87: 11 | K87: 2003 | L87: Motorcycles | M87: 69 | N87: S24_2360 | O87: Euro Shopping Channel | P87: (91) 555 94 44 | Q87: C/ Moralzarzal, 86 | R87: N/A | S87: Madrid | T87: N/A | U87: 28034 | V87: Spain | W87: EMEA | X87: Freyre | Y87: Diego | Z87: Medium
A88: 10191 | B88: 21 | C88: 100 | D88: 3 | E88: 3840.9 | F88: 37945 | G88: =TEXT(F88,"MMM") -> Nov | H88: Shipped | I88: 4 | J88: 11 | K88: 2003 | L88: Classic Cars | M88: 194 | N88: S12_1099 | O88: Toms Spezialitten, Ltd | P88: 0221-5554327 | Q88: Mehrheimerstr. 369 | R88: N/A | S88: Koln | T88: N/A | U88: 50739 | V88: Germany | W88: EMEA | X88: Pfalzheim | Y88: Henriette | Z88: Medium
A89: 10192 | B89: 27 | C89: 100 | D89: 16 | E89: 3544.56 | F89: 37945 | G89: =TEXT(F89,"MMM") -> Nov | H89: Shipped | I89: 4 | J89: 11 | K89: 2003 | L89: Classic Cars | M89: 115 | N89: S12_4675 | O89: Online Diecast Creations Co. | P89: 6035558647 | Q89: 2304 Long Airport Avenue | R89: N/A | S89: Nashua | T89: NH | U89: 62005 | V89: USA | W89: NA | X89: Young | Y89: Valarie | Z89: Medium
A90: 10193 | B90: 28 | C90: 100 | D90: 7 | E90: 3106.88 | F90: 37946 | G90: =TEXT(F90,"MMM") -> Nov | H90: Shipped | I90: 4 | J90: 11 | K90: 2003 | L90: Vintage Cars | M90: 102 | N90: S18_1342 | O90: Australian Collectables, Ltd | P90: 61-9-3844-6555 | Q90: 7 Allen Street | R90: N/A | S90: Glen Waverly | T90: Victoria | U90: 3150 | V90: Australia | W90: APAC | X90: Connery | Y90: Sean | Z90: Medium
A91: 10194 | B91: 42 | C91: 100 | D91: 11 | E91: 7290.36 | F91: 37950 | G91: =TEXT(F91,"MMM") -> Nov | H91: Shipped | I91: 4 | J91: 11 | K91: 2003 | L91: Classic Cars | M91: 214 | N91: S10_1949 | O91: Saveley & Henriot, Co. | P91: 78.32.5555 | Q91: 2, rue du Commerce | R91: N/A | S91: Lyon | T91: N/A | U91: 69004 | V91: France | W91: EMEA | X91: Saveley | Y91: Mary | Z91: Large
A92: 10195 | B92: 49 | C92: 100 | D92: 6 | E92: 6445.46 | F92: 37950 | G92: =TEXT(F92,"MMM") -> Nov | H92: Shipped | I92: 4 | J92: 11 | K92: 2003 | L92: Trucks and Buses | M92: 118 | N92: S12_4473 | O92: Mini Classics | P92: 9145554562 | Q92: 3758 North Pendale Street | R92: N/A | S92: White Plains | T92: NY | U92: 24067 | V92: USA | W92: NA | X92: Frick | Y92: Steve | Z92: Medium
A93: 10196 | B93: 47 | C93: 100 | D93: 5 | E93: 8887.7 | F93: 37951 | G93: =TEXT(F93,"MMM") -> Nov | H93: Shipped | I93: 4 | J93: 11 | K93: 2003 | L93: Classic Cars | M93: 207 | N93: S12_1108 | O93: Super Scale Inc. | P93: 2035559545 | Q93: 567 North Pendale Street | R93: N/A | S93: New Haven | T93: CT | U93: 97823 | V93: USA | W93: NA | X93: Murphy | Y93: Leslie | Z93: Large
A94: 10197 | B94: 45 | C94: 100 | D94: 6 | E94: 5324.4 | F94: 37951 | G94: =TEXT(F94,"MMM") -> Nov | H94: Shipped | I94: 4 | J94: 11 | K94: 2003 | L94: Classic Cars | M94: 136 | N94: S10_4757 | O94: Enaco Distributors | P94: (93) 203 4555 | Q94: Rambla de Catalu¤a, 23 | R94: N/A | S94: Barcelona | T94: N/A | U94: 8022 | V94: Spain | W94: EMEA | X94: Saavedra | Y94: Eduardo | Z94: Medium
A95: 10198 | B95: 42 | C95: 100 | D95: 4 | E95: 7483.98 | F95: 37952 | G95: =TEXT(F95,"MMM") -> Nov | H95: Shipped | I95: 4 | J95: 11 | K95: 2003 | L95: Planes | M95: 157 | N95: S18_1662 | O95: Cruz & Sons Co. | P95: +63 2 555 3587 | Q95: 15 McCallum Street - NatWest Center #13-03 | R95: N/A | S95: Makati City | T95: N/A | U95: 1227 MM | V95: Philippines | W95: Japan | X95: Cruz | Y95: Arnold | Z95: Large
A96: 10199 | B96: 29 | C96: 38.4 | D96: 1 | E96: 1113.6 | F96: 37956 | G96: =TEXT(F96,"MMM") -> Dec | H96: Shipped | I96: 4 | J96: 12 | K96: 2003 | L96: Vintage Cars | M96: 43 | N96: S50_1341 | O96: West Coast Collectables Co. | P96: 3105553722 | Q96: 3675 Furth Circle | R96: N/A | S96: Burbank | T96: CA | U96: 94019 | V96: USA | W96: NA | X96: Thompson | Y96: Steve | Z96: Small
A97: 10201 | B97: 22 | C97: 98.57 | D97: 2 | E97: 2168.54 | F97: 37956 | G97: =TEXT(F97,"MMM") -> Dec | H97: Shipped | I97: 4 | J97: 12 | K97: 2003 | L97: Motorcycles | M97: 95 | N97: S10_1678 | O97: Mini Wheels Co. | P97: 6505555787 | Q97: 5557 North Pendale Street | R97: N/A | S97: San Francisco | T97: CA | U97: N/A | V97: USA | W97: NA | X97: Murphy | Y97: Julie | Z97: Small
A98: 10203 | B98: 20 | C98: 100 | D98: 8 | E98: 3930.4 | F98: 37957 | G98: =TEXT(F98,"MMM") -> Dec | H98: Shipped | I98: 4 | J98: 12 | K98: 2003 | L98: Classic Cars | M98: 194 | N98: S12_1099 | O98: Euro Shopping Channel | P98: (91) 555 94 44 | Q98: C/ Moralzarzal, 86 | R98: N/A | S98: Madrid | T98: N/A | U98: 28034 | V98: Spain | W98: EMEA | X98: Freyre | Y98: Diego | Z98: Medium
A99: 10204 | B99: 42 | C99: 100 | D99: 17 | E99: 6182.4 | F99: 37957 | G99: =TEXT(F99,"MMM") -> Dec | H99: Shipped | I99: 4 | J99: 12 | K99: 2003 | L99: Classic Cars | M99: 141 | N99: S18_1129 | O99: Muscle Machine Inc | P99: 2125557413 | Q99: 4092 Furth Circle | R99: Suite 400 | S99: NYC | T99: NY | U99: 10022 | V99: USA | W99: NA | X99: Young | Y99: Jeff | Z99: Medium
A100: 10205 | B100: 36 | C100: 100 | D100: 2 | E100: 3735.72 | F100: 37958 | G100: =TEXT(F100,"MMM") -> Dec | H100: Shipped | I100: 4 | J100: 12 | K100: 2003 | L100: Vintage Cars | M100: 102 | N100: S18_1342 | O100: Euro Shopping Channel | P100: (91) 555 94 44 | Q100: C/ Moralzarzal, 86 | R100: N/A | S100: Madrid | T100: N/A | U100: 28034 | V100: Spain | W100: EMEA | X100: Freyre | Y100: Diego | Z100: Medium
...

Sheet Data Transformation
A1: ORDERDATE | B1: Month | C1: Year | D1: Sale Categeory | E1: Order Sales
A2: 37676 | B2: =TEXT('sales_data_sample (2)'!F2,"MMM") -> Jan | C2: =YEAR(A2) -> 2003 | D2: =IF('sales_data_sample (2)'!E2>5000,"High Sales","Low Sales") -> High Sales | E2: =IF('sales_data_sample (2)'!C2>=50,"Bulk Order","Normal Order") -> Bulk Order
A3: 37748 | B3: =TEXT('sales_data_sample (2)'!F3,"MMM") -> Jan | C3: =YEAR(A3) -> 2003 | D3: =IF('sales_data_sample (2)'!E3>5000,"High Sales","Low Sales") -> Low Sales | E3: =IF('sales_data_sample (2)'!C3>=50,"Bulk Order","Normal Order") -> Bulk Order
A4: 37803 | B4: =TEXT('sales_data_sample (2)'!F4,"MMM") -> Jan | C4: =YEAR(A4) -> 2003 | D4: =IF('sales_data_sample (2)'!E4>5000,"High Sales","Low Sales") -> Low Sales | E4: =IF('sales_data_sample (2)'!C4>=50,"Bulk Order","Normal Order") -> Bulk Order
A5: 37858 | B5: =TEXT('sales_data_sample (2)'!F5,"MMM") -> Jan | C5: =YEAR(A5) -> 2003 | D5: =IF('sales_data_sample (2)'!E5>5000,"High Sales","Low Sales") -> High Sales | E5: =IF('sales_data_sample (2)'!C5>=50,"Bulk Order","Normal Order") -> Bulk Order
A6: 37904 | B6: =TEXT('sales_data_sample (2)'!F6,"MMM") -> Jan | C6: =YEAR(A6) -> 2003 | D6: =IF('sales_data_sample (2)'!E6>5000,"High Sales","Low Sales") -> High Sales | E6: =IF('sales_data_sample (2)'!C6>=50,"Bulk Order","Normal Order") -> Bulk Order
A7: 37922 | B7: =TEXT('sales_data_sample (2)'!F7,"MMM") -> Feb | C7: =YEAR(A7) -> 2003 | D7: =IF('sales_data_sample (2)'!E7>5000,"High Sales","Low Sales") -> High Sales | E7: =IF('sales_data_sample (2)'!C7>=50,"Bulk Order","Normal Order") -> Bulk Order
A8: 37936 | B8: =TEXT('sales_data_sample (2)'!F8,"MMM") -> Feb | C8: =YEAR(A8) -> 2003 | D8: =IF('sales_data_sample (2)'!E8>5000,"High Sales","Low Sales") -> High Sales | E8: =IF('sales_data_sample (2)'!C8>=50,"Bulk Order","Normal Order") -> Bulk Order
A9: 37943 | B9: =TEXT('sales_data_sample (2)'!F9,"MMM") -> Feb | C9: =YEAR(A9) -> 2003 | D9: =IF('sales_data_sample (2)'!E9>5000,"High Sales","Low Sales") -> Low Sales | E9: =IF('sales_data_sample (2)'!C9>=50,"Bulk Order","Normal Order") -> Bulk Order
A10: 37956 | B10: =TEXT('sales_data_sample (2)'!F10,"MMM") -> Mar | C10: =YEAR(A10) -> 2003 | D10: =IF('sales_data_sample (2)'!E10>5000,"High Sales","Low Sales") -> High Sales | E10: =IF('sales_data_sample (2)'!C10>=50,"Bulk Order","Normal Order") -> Bulk Order
A11: 38001 | B11: =TEXT('sales_data_sample (2)'!F11,"MMM") -> Mar | C11: =YEAR(A11) -> 2004 | D11: =IF('sales_data_sample (2)'!E11>5000,"High Sales","Low Sales") -> Low Sales | E11: =IF('sales_data_sample (2)'!C11>=50,"Bulk Order","Normal Order") -> Bulk Order
A12: 38037 | B12: =TEXT('sales_data_sample (2)'!F12,"MMM") -> Mar | C12: =YEAR(A12) -> 2004 | D12: =IF('sales_data_sample (2)'!E12>5000,"High Sales","Low Sales") -> High Sales | E12: =IF('sales_data_sample (2)'!C12>=50,"Bulk Order","Normal Order") -> Bulk Order
A13: 38082 | B13: =TEXT('sales_data_sample (2)'!F13,"MMM") -> Mar | C13: =YEAR(A13) -> 2004 | D13: =IF('sales_data_sample (2)'!E13>5000,"High Sales","Low Sales") -> Low Sales | E13: =IF('sales_data_sample (2)'!C13>=50,"Bulk Order","Normal Order") -> Bulk Order
... A308: 38240 | B308: =TEXT('sales_data_sample (2)'!F308,"MMM") -> May | C308: =YEAR(A308) -> 2004 | D308: =IF('sales_data_sample (2)'!E308>5000,"High Sales","Low Sales") -> High Sales | E308: =IF('sales_data_sample (2)'!C308>=50,"Bulk Order","Normal Order") -> Bulk Order

Sheet Analysis
A1: Avg Qty Order | D1: Total Qty Order
A2: {=_xlfn.UNIQUE('sales_data_sample (2)'!L2:L308)} -> Vintage Cars | B2: =AVERAGEIFS('sales_data_sample (2)'!B$2:B$308,'sales_data_sample (2)'!$L$2:$L$308,Analysis!A2) -> 34.5 | D2: {=_xlfn.UNIQUE('sales_data_sample (2)'!L2:L308)} -> Vintage Cars | E2: =SUMIFS('sales_data_sample (2)'!$B$2:$B$308,'sales_data_sample (2)'!$L$2:$L$308,Analysis!D2) -> 1932 | H2: Total Sales in Country Wise | P2: Total Sales | R2: Average Sales
A3: Classic Cars | B3: =AVERAGEIFS('sales_data_sample (2)'!B$2:B$308,'sales_data_sample (2)'!$L$2:$L$308,Analysis!A3) -> 35.072727 | D3: Classic Cars | E3: =SUMIFS('sales_data_sample (2)'!$B$2:$B$308,'sales_data_sample (2)'!$L$2:$L$308,Analysis!D3) -> 5787 | H3: {=_xlfn.UNIQUE('sales_data_sample (2)'!$V$2:$V$308)} -> USA | I3: =SUMIFS('sales_data_sample (2)'!$E$2:$E$308,'sales_data_sample (2)'!$V$2:$V$308,Analysis!H3) -> 524383.89 | P3: =SUM('sales_data_sample (2)'!$E$2:$E$308) -> 1408665.5 | R3: =AVERAGE('sales_data_sample (2)'!$E$2:$E$308) -> 4588.4869
A4: Planes | B4: =AVERAGEIFS('sales_data_sample (2)'!B$2:B$308,'sales_data_sample (2)'!$L$2:$L$308,Analysis!A4) -> 35.2 | D4: Planes | E4: =SUMIFS('sales_data_sample (2)'!$B$2:$B$308,'sales_data_sample (2)'!$L$2:$L$308,Analysis!D4) -> 704 | H4: Germany | I4: =SUMIFS('sales_data_sample (2)'!$E$2:$E$308,'sales_data_sample (2)'!$V$2:$V$308,Analysis!H4) -> 35784.47
A5: Motorcycles | B5: =AVERAGEIFS('sales_data_sample (2)'!B$2:B$308,'sales_data_sample (2)'!$L$2:$L$308,Analysis!A5) -> 36.565217 | D5: Motorcycles | E5: =SUMIFS('sales_data_sample (2)'!$B$2:$B$308,'sales_data_sample (2)'!$L$2:$L$308,Analysis!D5) -> 1682 | H5: Norway | I5: =SUMIFS('sales_data_sample (2)'!$E$2:$E$308,'sales_data_sample (2)'!$V$2:$V$308,Analysis!H5) -> 41482.37 | P5: Max Sales | R5: Min Sales
A6: Trucks and Buses | B6: =AVERAGEIFS('sales_data_sample (2)'!B$2:B$308,'sales_data_sample (2)'!$L$2:$L$308,Analysis!A6) -> 36 | D6: Trucks and Buses | E6: =SUMIFS('sales_data_sample (2)'!$B$2:$B$308,'sales_data_sample (2)'!$L$2:$L$308,Analysis!D6) -> 468 | H6: Spain | I6: =SUMIFS('sales_data_sample (2)'!$E$2:$E$308,'sales_data_sample (2)'!$V$2:$V$308,Analysis!H6) -> 157078.92 | P6: =MAX('sales_data_sample (2)'!$E$2:$E$308) -> 12001 | R6: =MIN('sales_data_sample (2)'!$E$2:$E$308) -> 553.95
A7: Trains | B7: =AVERAGEIFS('sales_data_sample (2)'!B$2:B$308,'sales_data_sample (2)'!$L$2:$L$308,Analysis!A7) -> 29.5 | D7: Trains | E7: =SUMIFS('sales_data_sample (2)'!$B$2:$B$308,'sales_data_sample (2)'!$L$2:$L$308,Analysis!D7) -> 59 | H7: Denmark | I7: =SUMIFS('sales_data_sample (2)'!$E$2:$E$308,'sales_data_sample (2)'!$V$2:$V$308,Analysis!H7) -> 39151.18
A8: Ships | B8: =AVERAGEIFS('sales_data_sample (2)'!B$2:B$308,'sales_data_sample (2)'!$L$2:$L$308,Analysis!A8) -> 35.2 | D8: Ships | E8: =SUMIFS('sales_data_sample (2)'!$B$2:$B$308,'sales_data_sample (2)'!$L$2:$L$308,Analysis!D8) -> 176 | H8: Italy | I8: =SUMIFS('sales_data_sample (2)'!$E$2:$E$308,'sales_data_sample (2)'!$V$2:$V$308,Analysis!H8) -> 51544.44
B9: =SUM(B2:B8) -> 242.03794 | E9: =SUM(E2:E8) -> 10808 | H9: Philippines | I9: =SUMIFS('sales_data_sample (2)'!$E$2:$E$308,'sales_data_sample (2)'!$V$2:$V$308,Analysis!H9) -> 17154.35
H10: UK | I10: =SUMIFS('sales_data_sample (2)'!$E$2:$E$308,'sales_data_sample (2)'!$V$2:$V$308,Analysis!H10) -> 58880.53
A11: Avg Sales | D11: Total Sales | H11: Sweden | I11: =SUMIFS('sales_data_sample (2)'!$E$2:$E$308,'sales_data_sample (2)'!$V$2:$V$308,Analysis!H11) -> 36716.41
A12: {=_xlfn.UNIQUE('sales_data_sample (2)'!L2:L308)} -> Vintage Cars | B12: =AVERAGEIFS('sales_data_sample (2)'!$E$2:$E$308,'sales_data_sample (2)'!$L$2:$L$308,Analysis!A12) -> 3738.2852 | D12: {=_xlfn.UNIQUE('sales_data_sample (2)'!L2:L308)} -> Vintage Cars | E12: =SUMIFS('sales_data_sample (2)'!$E$2:$E$308,'sales_data_sample (2)'!$L$2:$L$308,Analysis!D12) -> 209343.97 | H12: France | I12: =SUMIFS('sales_data_sample (2)'!$E$2:$E$308,'sales_data_sample (2)'!$V$2:$V$308,Analysis!H12) -> 161203.7
A13: Classic Cars | B13: =AVERAGEIFS('sales_data_sample (2)'!$E$2:$E$308,'sales_data_sample (2)'!$L$2:$L$308,Analysis!A13) -> 5229.557 | D13: Classic Cars | E13: =SUMIFS('sales_data_sample (2)'!$E$2:$E$308,'sales_data_sample (2)'!$L$2:$L$308,Analysis!D13) -> 862876.9 | H13: Belgium | I13: =SUMIFS('sales_data_sample (2)'!$E$2:$E$308,'sales_data_sample (2)'!$V$2:$V$308,Analysis!H13) -> 21988.67
A14: Planes | B14: =AVERAGEIFS('sales_data_sample (2)'!$E$2:$E$308,'sales_data_sample (2)'!$L$2:$L$308,Analysis!A14) -> 4378.907 | D14: Planes | E14: =SUMIFS('sales_data_sample (2)'!$E$2:$E$308,'sales_data_sample (2)'!$L$2:$L$308,Analysis!D14) -> 87578.14 | H14: Singapore | I14: =SUMIFS('sales_data_sample (2)'!$E$2:$E$308,'sales_data_sample (2)'!$V$2:$V$308,Analysis!H14) -> 47702.18
A15: Motorcycles | B15: =AVERAGEIFS('sales_data_sample (2)'!$E$2:$E$308,'sales_data_sample (2)'!$L$2:$L$308,Analysis!A15) -> 3681.3048 | D15: Motorcycles | E15: =SUMIFS('sales_data_sample (2)'!$E$2:$E$308,'sales_data_sample (2)'!$L$2:$L$308,Analysis!D15) -> 169340.02 | H15: Austria | I15: =SUMIFS('sales_data_sample (2)'!$E$2:$E$308,'sales_data_sample (2)'!$V$2:$V$308,Analysis!H15) -> 27942.6
A16: Trucks and Buses | B16: =AVERAGEIFS('sales_data_sample (2)'!$E$2:$E$308,'sales_data_sample (2)'!$L$2:$L$308,Analysis!A16) -> 4331.68 | D16: Trucks and Buses | E16: =SUMIFS('sales_data_sample (2)'!$E$2:$E$308,'sales_data_sample (2)'!$L$2:$L$308,Analysis!D16) -> 56311.84 | H16: Australia | I16: =SUMIFS('sales_data_sample (2)'!$E$2:$E$308,'sales_data_sample (2)'!$V$2:$V$308,Analysis!H16) -> 78724.68
A17: Trains | B17: =AVERAGEIFS('sales_data_sample (2)'!$E$2:$E$308,'sales_data_sample (2)'!$L$2:$L$308,Analysis!A17) -> 2759.47 | D17: Trains | E17: =SUMIFS('sales_data_sample (2)'!$E$2:$E$308,'sales_data_sample (2)'!$L$2:$L$308,Analysis!D17) -> 5518.94 | H17: Finland | I17: =SUMIFS('sales_data_sample (2)'!$E$2:$E$308,'sales_data_sample (2)'!$V$2:$V$308,Analysis!H17) -> 33648.3
A18: Ships | B18: =AVERAGEIFS('sales_data_sample (2)'!$E$2:$E$308,'sales_data_sample (2)'!$L$2:$L$308,Analysis!A18) -> 3539.134 | D18: Ships | E18: =SUMIFS('sales_data_sample (2)'!$E$2:$E$308,'sales_data_sample (2)'!$L$2:$L$308,Analysis!D18) -> 17695.67 | H18: Canada | I18: =SUMIFS('sales_data_sample (2)'!$E$2:$E$308,'sales_data_sample (2)'!$V$2:$V$308,Analysis!H18) -> 32586.08
B19: =SUM(B12:B18) -> 27658.338 | E19: =SUM(E12:E18) -> 1408665.5 | H19: Japan | I19: =SUMIFS('sales_data_sample (2)'!$E$2:$E$308,'sales_data_sample (2)'!$V$2:$V$308,Analysis!H19) -> 25491.37
H20: Ireland | I20: =SUMIFS('sales_data_sample (2)'!$E$2:$E$308,'sales_data_sample (2)'!$V$2:$V$308,Analysis!H20) -> 9251.19
H21: Switzerland | I21: =SUMIFS('sales_data_sample (2)'!$E$2:$E$308,'sales_data_sample (2)'!$V$2:$V$308,Analysis!H21) -> 7950.15 | L21: =AVERAGE(B12:B18) -> 3951.1911

Sheet Pivot Table
F2: Country | G2: Sum of SALES | I2: Product Line | J2: Sum of SALES
F3: Australia | G3: 78724.68 | I3: Classic Cars | J3: 862876.9
C4: QTR_ID | D4: Count of ORDERNUMBER | F4: Austria | G4: 27942.6 | I4: Motorcycles | J4: 169340.02
C5: Cancelled | D5: 4 | F5: Belgium | G5: 21988.67 | I5: Planes | J5: 87578.14
C6: Disputed | D6: 3 | F6: Canada | G6: 32586.08 | I6: Ships | J6: 17695.67
C7: In Process | D7: 6 | F7: Denmark | G7: 39151.18 | I7: Trains | J7: 5518.94
C8: On Hold | D8: 4 | F8: Finland | G8: 33648.3 | I8: Trucks and Buses | J8: 56311.84
C9: Resolved | D9: 4 | F9: France | G9: 161203.7 | I9: Vintage Cars | J9: 209343.97
C10: Shipped | D10: 286 | F10: Germany | G10: 35784.47 | I10: (blank)
C11: Grand Total | D11: 307 | F11: Ireland | G11: 9251.19 | I11: Grand Total | J11: 1408665.5
F12: Italy | G12: 51544.44
C13: Month | D13: Sum of SALES | F13: Japan | G13: 25491.37 | I13: Sum of SALES | J13: Column Labels
C14: Jan | D14: 109979.69 | F14: Norway | G14: 41482.37 | I14: QTR_ID | J14: 2003 | K14: 2004 | L14: 2005 | M14: Grand Total
C15: Feb | D15: 114294.27 | F15: Philippines | G15: 17154.35 | I15: 1 | J15: 69453.57 | K15: 134743.13 | L15: 126659.16 | M15: 330855.86
C16: Mar | D16: 106581.9 | F16: Singapore | G16: 47702.18 | I16: 2 | J16: 87922.81 | K16: 121869.99 | L16: 122874.4 | M16: 332667.2
C17: Apr | D17: 112145.03 | F17: Spain | G17: 157078.92 | I17: 3 | J17: 96382.03 | K17: 155497.07 | M17: 251879.1
C18: May | D18: 146003.9 | F18: Sweden | G18: 36716.41 | I18: 4 | J18: 250530.6 | K18: 242732.72 | M18: 493263.32
C19: Jun | D19: 74518.27 | F19: Switzerland | G19: 7950.15 | I19: Grand Total | J19: 504289.01 | K19: 654842.91 | L19: 249533.56 | M19: 1408665.5
C20: Jul | D20: 76429.62 | F20: UK | G20: 58880.53
C21: Aug | D21: 80698.98 | F21: USA | G21: 524383.89
C22: Sep | D22: 94750.5 | F22: (blank)
C23: Oct | D23: 156925.07 | F23: Grand Total | G23: 1408665.5
C24: Nov | D24: 270092.26
C25: Dec | D25: 66245.99
C26: (blank)
C27: Grand Total | D27: 1408665.5

Sheet Dashboard
A1: Sales Analysis Dasboard
